title,videolink,like,timespan,userlink,username,uploadtime
普兰县气象局解除道路结冰黄色预警,https://www.douyin.com/video/7021367721019362573,1,0:15,https://www.douyin.com/user/MS4wLjABAAAA8P_jnqEiVvLPkJF0-XqvMOiY_62I1B5spwwFOk9a9ig,国家预警发布,2月前
西藏自治区气象台发布暴雪黄色预警,https://www.douyin.com/video/7020217089780632870,4,0:15,https://www.douyin.com/user/MS4wLjABAAAA8P_jnqEiVvLPkJF0-XqvMOiY_62I1B5spwwFOk9a9ig,国家预警发布,2月前
阿里气象台发布暴雪黄色预警,https://www.douyin.com/video/7020231483973504294,6,0:15,https://www.douyin.com/user/MS4wLjABAAAA8P_jnqEiVvLPkJF0-XqvMOiY_62I1B5spwwFOk9a9ig,国家预警发布,2月前
普兰县气象局解除暴雪橙色预警,https://www.douyin.com/video/7020500625360194824,7,0:15,https://www.douyin.com/user/MS4wLjABAAAA8P_jnqEiVvLPkJF0-XqvMOiY_62I1B5spwwFOk9a9ig,国家预警发布,2月前
阿里气象台发布道路结冰黄色预警,https://www.douyin.com/video/7020615701333380388,8,0:15,https://www.douyin.com/user/MS4wLjABAAAA8P_jnqEiVvLPkJF0-XqvMOiY_62I1B5spwwFOk9a9ig,国家预警发布,2月前
普兰县气象台发布道路结冰黄色预警,https://www.douyin.com/video/7020620754819583236,9,0:15,https://www.douyin.com/user/MS4wLjABAAAA8P_jnqEiVvLPkJF0-XqvMOiY_62I1B5spwwFOk9a9ig,国家预警发布,2月前
普兰县气象局解除暴雪黄色预警,https://www.douyin.com/video/7020626377296727309,10,0:15,https://www.douyin.com/user/MS4wLjABAAAA8P_jnqEiVvLPkJF0-XqvMOiY_62I1B5spwwFOk9a9ig,国家预警发布,2月前
普兰县气象台发布暴雪黄色预警,https://www.douyin.com/video/7020247582941170958,11,0:15,https://www.douyin.com/user/MS4wLjABAAAA8P_jnqEiVvLPkJF0-XqvMOiY_62I1B5spwwFOk9a9ig,国家预警发布,2月前
普兰县气象台发布暴雪橙色预警,https://www.douyin.com/video/7020321198601014566,13,0:15,https://www.douyin.com/user/MS4wLjABAAAA8P_jnqEiVvLPkJF0-XqvMOiY_62I1B5spwwFOk9a9ig,国家预警发布,2月前
阿里气象台发布暴雪橙色预警,https://www.douyin.com/video/7020311909291265313,14,0:15,https://www.douyin.com/user/MS4wLjABAAAA8P_jnqEiVvLPkJF0-XqvMOiY_62I1B5spwwFOk9a9ig,国家预警发布,2月前
阳泉气象站发布地质灾害气象风险橙色预警,https://www.douyin.com/video/7015156680576994573,11,0:15,https://www.douyin.com/user/MS4wLjABAAAA8P_jnqEiVvLPkJF0-XqvMOiY_62I1B5spwwFOk9a9ig,国家预警发布,2月前
阳泉气象站发布地质灾害气象风险橙色预警,https://www.douyin.com/video/7015896489192852748,17,0:15,https://www.douyin.com/user/MS4wLjABAAAA8P_jnqEiVvLPkJF0-XqvMOiY_62I1B5spwwFOk9a9ig,国家预警发布,2月前
翁牛特旗气象台发布霜冻黄色预警,https://www.douyin.com/video/7017272072112000263,3,0:15,https://www.douyin.com/user/MS4wLjABAAAA8P_jnqEiVvLPkJF0-XqvMOiY_62I1B5spwwFOk9a9ig,国家预警发布,2月前
大连市气象局发布暴雨黄色预警,https://www.douyin.com/video/7009871650812398855,12,0:15,https://www.douyin.com/user/MS4wLjABAAAA8P_jnqEiVvLPkJF0-XqvMOiY_62I1B5spwwFOk9a9ig,国家预警发布,3月前
大连市气象局发布暴雨橙色预警,https://www.douyin.com/video/7009901283834383630,23,0:15,https://www.douyin.com/user/MS4wLjABAAAA8P_jnqEiVvLPkJF0-XqvMOiY_62I1B5spwwFOk9a9ig,国家预警发布,3月前
辽宁省气象局发布暴雨黄色预警,https://www.douyin.com/video/7017011564364565791,71,0:15,https://www.douyin.com/user/MS4wLjABAAAA8P_jnqEiVvLPkJF0-XqvMOiY_62I1B5spwwFOk9a9ig,国家预警发布,3月前
赤峰市气象台发布雷电黄色预警,https://www.douyin.com/video/7002073568678792486,13,0:15,https://www.douyin.com/user/MS4wLjABAAAA8P_jnqEiVvLPkJF0-XqvMOiY_62I1B5spwwFOk9a9ig,国家预警发布,3月前
中央气象台发布暴雨蓝色预警,https://www.douyin.com/video/7006802226479992071,9,0:15,https://www.douyin.com/user/MS4wLjABAAAA8P_jnqEiVvLPkJF0-XqvMOiY_62I1B5spwwFOk9a9ig,国家预警发布,3月前
西峡县气象局发布雷电黄色预警,https://www.douyin.com/video/6999044239019609376,4,0:15,https://www.douyin.com/user/MS4wLjABAAAA8P_jnqEiVvLPkJF0-XqvMOiY_62I1B5spwwFOk9a9ig,国家预警发布,4月前
西峡县气象局发布雷电黄色预警,https://www.douyin.com/video/6999047099404897549,4,0:15,https://www.douyin.com/user/MS4wLjABAAAA8P_jnqEiVvLPkJF0-XqvMOiY_62I1B5spwwFOk9a9ig,国家预警发布,4月前
大连市气象局发布雷电黄色预警,https://www.douyin.com/video/7000190677518798118,5,0:15,https://www.douyin.com/user/MS4wLjABAAAA8P_jnqEiVvLPkJF0-XqvMOiY_62I1B5spwwFOk9a9ig,国家预警发布,4月前
普兰店区气象局发布雷电黄色预警,https://www.douyin.com/video/7002133890034847015,7,0:15,https://www.douyin.com/user/MS4wLjABAAAA8P_jnqEiVvLPkJF0-XqvMOiY_62I1B5spwwFOk9a9ig,国家预警发布,4月前
鸡西市气象局解除雷电黄色预警,https://www.douyin.com/video/6987752686082886951,66,0:15,https://www.douyin.com/user/MS4wLjABAAAA8P_jnqEiVvLPkJF0-XqvMOiY_62I1B5spwwFOk9a9ig,国家预警发布,4月前
布拖县气象局发布暴雨黄色预警,https://www.douyin.com/video/6994087182835174694,10,0:15,https://www.douyin.com/user/MS4wLjABAAAA8P_jnqEiVvLPkJF0-XqvMOiY_62I1B5spwwFOk9a9ig,国家预警发布,4月前
扎赉特旗气象台发布雷电黄色预警,https://www.douyin.com/video/6994094801901718795,7,0:15,https://www.douyin.com/user/MS4wLjABAAAA8P_jnqEiVvLPkJF0-XqvMOiY_62I1B5spwwFOk9a9ig,国家预警发布,4月前
酉阳土家族苗族自治县气象局发布暴雨黄色预警,https://www.douyin.com/video/6994423085021580583,8,0:15,https://www.douyin.com/user/MS4wLjABAAAA8P_jnqEiVvLPkJF0-XqvMOiY_62I1B5spwwFOk9a9ig,国家预警发布,5月前
兴安盟气象局发布山洪灾害黄色预警,https://www.douyin.com/video/6979512436139347236,0,0:15,https://www.douyin.com/user/MS4wLjABAAAA8P_jnqEiVvLPkJF0-XqvMOiY_62I1B5spwwFOk9a9ig,国家预警发布,5月前
扎赉特旗气象台发布雷电黄色预警,https://www.douyin.com/video/6979513353949564164,1,0:15,https://www.douyin.com/user/MS4wLjABAAAA8P_jnqEiVvLPkJF0-XqvMOiY_62I1B5spwwFOk9a9ig,国家预警发布,5月前
兴安盟气象台发布暴雨橙色预警,https://www.douyin.com/video/6979513680132164902,0,0:15,https://www.douyin.com/user/MS4wLjABAAAA8P_jnqEiVvLPkJF0-XqvMOiY_62I1B5spwwFOk9a9ig,国家预警发布,5月前
扎赉特旗气象台发布雷电黄色预警,https://www.douyin.com/video/6980254679372483873,0,0:15,https://www.douyin.com/user/MS4wLjABAAAA8P_jnqEiVvLPkJF0-XqvMOiY_62I1B5spwwFOk9a9ig,国家预警发布,5月前
扎赉特旗气象台发布雷电黄色预警,https://www.douyin.com/video/6980654458887752998,0,0:15,https://www.douyin.com/user/MS4wLjABAAAA8P_jnqEiVvLPkJF0-XqvMOiY_62I1B5spwwFOk9a9ig,国家预警发布,5月前
利川市气象台发布暴雨橙色预警,https://www.douyin.com/video/6981573438787964167,2,0:15,https://www.douyin.com/user/MS4wLjABAAAA8P_jnqEiVvLPkJF0-XqvMOiY_62I1B5spwwFOk9a9ig,国家预警发布,5月前
扎赉特旗气象台发布雷电黄色预警,https://www.douyin.com/video/6983820543573216545,0,0:15,https://www.douyin.com/user/MS4wLjABAAAA8P_jnqEiVvLPkJF0-XqvMOiY_62I1B5spwwFOk9a9ig,国家预警发布,5月前
大连市气象局发布雷电黄色预警,https://www.douyin.com/video/6979377531552156935,0,0:15,https://www.douyin.com/user/MS4wLjABAAAA8P_jnqEiVvLPkJF0-XqvMOiY_62I1B5spwwFOk9a9ig,国家预警发布,6月前
普兰店区气象局发布大雾黄色预警,https://www.douyin.com/video/6975637307256737062,0,0:15,https://www.douyin.com/user/MS4wLjABAAAA8P_jnqEiVvLPkJF0-XqvMOiY_62I1B5spwwFOk9a9ig,国家预警发布,6月前
大连市气象局发布雷电黄色预警,https://www.douyin.com/video/6979610616218569997,1,0:15,https://www.douyin.com/user/MS4wLjABAAAA8P_jnqEiVvLPkJF0-XqvMOiY_62I1B5spwwFOk9a9ig,国家预警发布,6月前
大连市气象局发布雷电黄色预警,https://www.douyin.com/video/6982295064923884814,1,0:15,https://www.douyin.com/user/MS4wLjABAAAA8P_jnqEiVvLPkJF0-XqvMOiY_62I1B5spwwFOk9a9ig,国家预警发布,6月前
翁牛特旗气象局发布雷电黄色预警,https://www.douyin.com/video/6968385033824406792,0,0:15,https://www.douyin.com/user/MS4wLjABAAAA8P_jnqEiVvLPkJF0-XqvMOiY_62I1B5spwwFOk9a9ig,国家预警发布,6月前
静乐县气象局发布地质灾害气象风险黄色预警,https://www.douyin.com/video/6971729966039829763,83,0:15,https://www.douyin.com/user/MS4wLjABAAAA8P_jnqEiVvLPkJF0-XqvMOiY_62I1B5spwwFOk9a9ig,国家预警发布,6月前
大连市气象局发布大雾橙色预警,https://www.douyin.com/video/6961372802305756446,0,0:15,https://www.douyin.com/user/MS4wLjABAAAA8P_jnqEiVvLPkJF0-XqvMOiY_62I1B5spwwFOk9a9ig,国家预警发布,7月前
普兰店区气象局发布大雾橙色预警,https://www.douyin.com/video/6971799410758012174,0,0:15,https://www.douyin.com/user/MS4wLjABAAAA8P_jnqEiVvLPkJF0-XqvMOiY_62I1B5spwwFOk9a9ig,国家预警发布,7月前
普兰县气象台发布暴雪黄色预警,https://www.douyin.com/video/6963559748629204254,0,0:15,https://www.douyin.com/user/MS4wLjABAAAA8P_jnqEiVvLPkJF0-XqvMOiY_62I1B5spwwFOk9a9ig,国家预警发布,7月前
西藏自治区气象台发布暴雪黄色预警,https://www.douyin.com/video/6963905738762620164,1,0:15,https://www.douyin.com/user/MS4wLjABAAAA8P_jnqEiVvLPkJF0-XqvMOiY_62I1B5spwwFOk9a9ig,国家预警发布,7月前
大连市气象局发布冰雹橙色预警,https://www.douyin.com/video/6968424634806963470,2,0:15,https://www.douyin.com/user/MS4wLjABAAAA8P_jnqEiVvLPkJF0-XqvMOiY_62I1B5spwwFOk9a9ig,国家预警发布,7月前
普兰县气象局解除暴雪黄色预警,https://www.douyin.com/video/6964298391702473988,2,0:15,https://www.douyin.com/user/MS4wLjABAAAA8P_jnqEiVvLPkJF0-XqvMOiY_62I1B5spwwFOk9a9ig,国家预警发布,7月前
阿里气象台发布暴雪黄色预警,https://www.douyin.com/video/6963559851154787614,3,0:15,https://www.douyin.com/user/MS4wLjABAAAA8P_jnqEiVvLPkJF0-XqvMOiY_62I1B5spwwFOk9a9ig,国家预警发布,7月前
普兰店区气象局发布大雾橙色预警,https://www.douyin.com/video/6970696257773800707,3,0:15,https://www.douyin.com/user/MS4wLjABAAAA8P_jnqEiVvLPkJF0-XqvMOiY_62I1B5spwwFOk9a9ig,国家预警发布,7月前
阿里气象台发布道路结冰黄色预警,https://www.douyin.com/video/6954469815994076430,0,0:15,https://www.douyin.com/user/MS4wLjABAAAA8P_jnqEiVvLPkJF0-XqvMOiY_62I1B5spwwFOk9a9ig,国家预警发布,8月前
海口市气象台发布高温橙色预警,https://www.douyin.com/video/6960847999169842440,0,0:15,https://www.douyin.com/user/MS4wLjABAAAA8P_jnqEiVvLPkJF0-XqvMOiY_62I1B5spwwFOk9a9ig,国家预警发布,8月前
普兰县气象局解除暴雪橙色预警,https://www.douyin.com/video/6954756876605082884,0,0:15,https://www.douyin.com/user/MS4wLjABAAAA8P_jnqEiVvLPkJF0-XqvMOiY_62I1B5spwwFOk9a9ig,国家预警发布,8月前
普兰县气象局解除道路结冰黄色预警,https://www.douyin.com/video/6955082522766134541,0,0:15,https://www.douyin.com/user/MS4wLjABAAAA8P_jnqEiVvLPkJF0-XqvMOiY_62I1B5spwwFOk9a9ig,国家预警发布,8月前
普兰县气象局解除道路结冰黄色预警,https://www.douyin.com/video/6954324818057579809,0,0:15,https://www.douyin.com/user/MS4wLjABAAAA8P_jnqEiVvLPkJF0-XqvMOiY_62I1B5spwwFOk9a9ig,国家预警发布,8月前
普兰县气象台发布道路结冰黄色预警,https://www.douyin.com/video/6954325131061693733,0,0:15,https://www.douyin.com/user/MS4wLjABAAAA8P_jnqEiVvLPkJF0-XqvMOiY_62I1B5spwwFOk9a9ig,国家预警发布,8月前
普兰县气象局解除暴雪黄色预警,https://www.douyin.com/video/6953583697035676941,1,0:15,https://www.douyin.com/user/MS4wLjABAAAA8P_jnqEiVvLPkJF0-XqvMOiY_62I1B5spwwFOk9a9ig,国家预警发布,8月前
普兰县气象台发布道路结冰黄色预警,https://www.douyin.com/video/6953573171844910339,1,0:15,https://www.douyin.com/user/MS4wLjABAAAA8P_jnqEiVvLPkJF0-XqvMOiY_62I1B5spwwFOk9a9ig,国家预警发布,8月前
普兰县气象台发布暴雪黄色预警,https://www.douyin.com/video/6953160696553164070,8,0:15,https://www.douyin.com/user/MS4wLjABAAAA8P_jnqEiVvLPkJF0-XqvMOiY_62I1B5spwwFOk9a9ig,国家预警发布,8月前
西藏自治区气象台发布暴雪黄色预警,https://www.douyin.com/video/6953142047024975141,14,0:15,https://www.douyin.com/user/MS4wLjABAAAA8P_jnqEiVvLPkJF0-XqvMOiY_62I1B5spwwFOk9a9ig,国家预警发布,8月前
阿里气象台发布暴雪黄色预警,https://www.douyin.com/video/6953154190940179723,19,0:15,https://www.douyin.com/user/MS4wLjABAAAA8P_jnqEiVvLPkJF0-XqvMOiY_62I1B5spwwFOk9a9ig,国家预警发布,8月前
普兰县气象台发布暴雪橙色预警,https://www.douyin.com/video/6954384207980416267,378,0:15,https://www.douyin.com/user/MS4wLjABAAAA8P_jnqEiVvLPkJF0-XqvMOiY_62I1B5spwwFOk9a9ig,国家预警发布,8月前
普兰县气象局解除大风黄色预警,https://www.douyin.com/video/6946685938873470220,1,0:15,https://www.douyin.com/user/MS4wLjABAAAA8P_jnqEiVvLPkJF0-XqvMOiY_62I1B5spwwFOk9a9ig,国家预警发布,9月前
普兰店区气象局发布大雾黄色预警,https://www.douyin.com/video/6944145261962874126,4,0:15,https://www.douyin.com/user/MS4wLjABAAAA8P_jnqEiVvLPkJF0-XqvMOiY_62I1B5spwwFOk9a9ig,国家预警发布,9月前
普兰店区气象局发布大雾橙色预警,https://www.douyin.com/video/6942961551343226148,5,0:15,https://www.douyin.com/user/MS4wLjABAAAA8P_jnqEiVvLPkJF0-XqvMOiY_62I1B5spwwFOk9a9ig,国家预警发布,9月前
普兰县气象台发布大风黄色预警,https://www.douyin.com/video/6946501303711403294,28,0:15,https://www.douyin.com/user/MS4wLjABAAAA8P_jnqEiVvLPkJF0-XqvMOiY_62I1B5spwwFOk9a9ig,国家预警发布,9月前
中央气象台发布大雾黄色预警,https://www.douyin.com/video/6935926128062237964,6,0:15,https://www.douyin.com/user/MS4wLjABAAAA8P_jnqEiVvLPkJF0-XqvMOiY_62I1B5spwwFOk9a9ig,国家预警发布,9月前
翁牛特旗气象局发布道路结冰黄色预警,https://www.douyin.com/video/6938922793358691616,2,0:15,https://www.douyin.com/user/MS4wLjABAAAA8P_jnqEiVvLPkJF0-XqvMOiY_62I1B5spwwFOk9a9ig,国家预警发布,9月前
德佩教主格列兹曼迷失球场后梅西时代巴塞罗那谁是真核#格列兹曼 #梅西时代 ,https://www.douyin.com/video/7000411049916665124,88,0:29,https://www.douyin.com/user/MS4wLjABAAAAELUyefUyqlGzZGmEBRD-GIQ73aee5i2cZpGkK3OXUck5Rr-hbP8DO_LbfDyhpH8x,足球场,4月前
格里兹曼公式：巴萨当了冤大头。还是格子卧底成功。两年之期已到。恭迎龙王回归？#马竞 #巴萨 #足球梗 ,https://www.douyin.com/video/7003283533875744008,1276,0:33,https://www.douyin.com/user/MS4wLjABAAAAh_ifXC4pkDJmY_tVeAf2LipOF6q0A9xOlDsJIyXZEuHK9yuCTdvakwpGpk4jxSk4,足球梗王,3月前
欧洲杯球星巡礼。不做凤尾·#格列兹曼！#足球 #欧洲杯 #dou来足球季,https://www.douyin.com/video/6973888801487834381,329,1:11,https://www.douyin.com/user/MS4wLjABAAAAydu3E7K7wFbGUprz9e0frb-EEiDrIbFsP6Q5v4lZZIY,足球故事-李治霖,6月前
#格里兹曼 和#登贝莱 歧视亚裔视频曝光#巴萨 #法国队 #欧洲杯 #奇葩 #停止歧视亚裔 ,https://www.douyin.com/video/6981399088772255006,3981,0:41,https://www.douyin.com/user/MS4wLjABAAAAgmctqKGD5BZ-hGLdn7al8WsDRaIR-olS38Ws_3-bxrY,足球观察室,6月前
犯我中华者。虽远必诛！#duo来足球季 #巴萨 #格列兹曼 #华为 ,https://www.douyin.com/video/7004742363151207719,5.2w,1:48,https://www.douyin.com/user/MS4wLjABAAAAPXAhBbK14tBOpN6eI9DpDTpolo3IehJTV1XhtdqqIumCjiLiYbSpgOUOE5EUk_sy,足球记忆,4月前
曾被誉为法国救世主的格列兹曼。这次也还是不能弥补5年前的遗憾 #格列兹曼  #法国队  #dou来欧洲杯 ,https://www.douyin.com/video/6979999607476505892,5036,1:25,https://www.douyin.com/user/MS4wLjABAAAAgLnoOREwVbtCkvJlffRsB8avpH8sEiL_41Ne7adUYJHelnWj8XxbYAz4_s4P6IV0,足球旅途,6月前
“这次对他做的事真的很失望透顶”#格列茨曼 ,https://www.douyin.com/video/6982377825978371362,1811,0:14,https://www.douyin.com/user/MS4wLjABAAAA-sCzXhxiWRoltrNJp0ywp_20qqvXnGLUvdeKcg1Ztgk,足球那些事儿,6月前
#格列兹曼 后悔当年的选择了吗？#巴萨 ,https://www.douyin.com/video/6993628460002381063,285,0:59,https://www.douyin.com/user/MS4wLjABAAAAxgoSaAkYd1g4gTbrnvEFcOez-9oh5UFtmC_kdwE3jXk,足球世界peace,4月前
#足球 #格列兹曼 #精彩进球 #足球的魅力 #足球的魅力 #dou来足球季 ,https://www.douyin.com/video/7008143537455844638,6,0:29,https://www.douyin.com/user/MS4wLjABAAAAVjkAT1O_Qs6Z3xSrTZKsS4AKnAhFK3Rfre5dmxXM6js0r3HJb1dh0C601i-Nvmy2,足球视界,2月前
不得不说足球运动员真是天生的衣架子！#梅西 #苏亚雷斯 #格列兹曼 #皮克 #布斯克斯 #巴萨 #来抖音看德甲直播 #dou来德甲 ,https://www.douyin.com/video/7017448145915301155,6.7w,0:08,https://www.douyin.com/user/MS4wLjABAAAAsm9vfRQEottGxry7BFhbCcVPYGwE6GLg0H-vQcXXdQA,足球旋律,2月前
回顾#格列兹曼 生涯历程。他到底强在哪里？#足球 ,https://www.douyin.com/video/6976546707660082464,1287,1:33,https://www.douyin.com/user/MS4wLjABAAAAPBCHKp2P7Mqwfv1OgHl3HvD2iS0bE3QLgok1HNOjGF7HSKnPrZNNagR4mBICxUlu,足球最佳,6月前
加盟巴萨后变水货。#格列兹曼 能否找回自我？#足球 ,https://www.douyin.com/video/6976547875106983182,1356,1:22,https://www.douyin.com/user/MS4wLjABAAAAPBCHKp2P7Mqwfv1OgHl3HvD2iS0bE3QLgok1HNOjGF7HSKnPrZNNagR4mBICxUlu,足球最佳,6月前
格列兹曼纪录片《法兰西之剑》 #足球 #dou来欧洲杯 ,https://www.douyin.com/video/6976543848323403045,1914,1:17,https://www.douyin.com/user/MS4wLjABAAAAPBCHKp2P7Mqwfv1OgHl3HvD2iS0bE3QLgok1HNOjGF7HSKnPrZNNagR4mBICxUlu,足球最佳,6月前
那一年 他踢飞了托雷斯为马竞夺冠的梦想……@抖音小助手 #格里兹曼,https://www.douyin.com/video/6931671657580891403,6390,0:13,https://www.douyin.com/user/MS4wLjABAAAACnfTgZecvCt6XJXP4rkjhGOMYVK9aAeKqpoBRUd4r6NDoHKcau-SXEZ9Usrc5S_C,GF足球,9月前
1分钟吐饼两次。巴萨拿苏牙换来的格子还值得期待吗？#足球 #欧冠 #巴萨 #巴塞罗那 #格列兹曼 #梅西,https://www.douyin.com/video/6932958382110379271,2,1:06,https://www.douyin.com/user/MS4wLjABAAAAJiGzmU7Z5DhYzyhJpsYopoedfHYb2v_jrw1pvQj_cvfSb_MpQstirBjoREtgMKzV,SJWin体育,9月前
#创作灵感 #格列兹曼 #巴萨,https://www.douyin.com/video/6985529135493844262,97,0:10,https://www.douyin.com/user/MS4wLjABAAAAw4U7AB9a4OqFlTAdZ9IYG0wxxgjmq65oxGc69srCtkUWqUUByyMTFeVZ6LdhD865,Ty.足球视界,4月前
足坛收入最高的十大球员。第四格列兹曼#足球的魅力 #足球 @抖音小助手 ,https://www.douyin.com/video/7009206724041133320,568,0:21,https://www.douyin.com/user/MS4wLjABAAAAFVZ-47ICfPgM6jgsvG2rEarXynUqCn8wSSz3ZGeEANo3yYmSaG2nGo0c-44Hz8gB,阿丢体育,3月前
床单军团的一哥到了巴萨。成了高价水货？#巴萨 #足球 @抖音小助手,https://www.douyin.com/video/6958288265111801124,503,0:22,https://www.douyin.com/user/MS4wLjABAAAAFVZ-47ICfPgM6jgsvG2rEarXynUqCn8wSSz3ZGeEANo3yYmSaG2nGo0c-44Hz8gB,阿丢体育,7月前
不好意思。#巴萨 的“无限开火权”只属于#梅西 ！#足球 @抖音小助手 @DOU+小助手,https://www.douyin.com/video/6959118446890159374,1575,0:41,https://www.douyin.com/user/MS4wLjABAAAAFVZ-47ICfPgM6jgsvG2rEarXynUqCn8wSSz3ZGeEANo3yYmSaG2nGo0c-44Hz8gB,阿丢体育,7月前
全运会比女超、女甲高两个台阶！联合队挺进决赛。但有失偏颇！,https://www.douyin.com/video/7011154398952918284,0,2:28,https://www.douyin.com/user/MS4wLjABAAAAgHGSSys9k_g7WwqE42OjU2x781lKrKxT2ksK9vzS0BQ,爱新觉罗溴隐亭,2月前
山东泰山有望主场作战！济南成为足协杯举办地！,https://www.douyin.com/video/7011156887425125670,1,2:23,https://www.douyin.com/user/MS4wLjABAAAAgHGSSys9k_g7WwqE42OjU2x781lKrKxT2ksK9vzS0BQ,爱新觉罗溴隐亭,2月前
中国队终于做了一回正事！武磊将会在对战皇马之后。与国家队会合,https://www.douyin.com/video/7011826560961367329,0,2:34,https://www.douyin.com/user/MS4wLjABAAAAgHGSSys9k_g7WwqE42OjU2x781lKrKxT2ksK9vzS0BQ,爱新觉罗溴隐亭,2月前
当全运会决赛遭遇英超曼彻斯特双雄！你会选择看哪个？,https://www.douyin.com/video/7011827692676992263,0,2:11,https://www.douyin.com/user/MS4wLjABAAAAgHGSSys9k_g7WwqE42OjU2x781lKrKxT2ksK9vzS0BQ,爱新觉罗溴隐亭,2月前
主教练挽留武磊留下。对阵皇马和李铁的训练课。谁的含金量高？,https://www.douyin.com/video/7012909785393777924,0,2:10,https://www.douyin.com/user/MS4wLjABAAAAgHGSSys9k_g7WwqE42OjU2x781lKrKxT2ksK9vzS0BQ,爱新觉罗溴隐亭,2月前
中国足协这件事终于明智了！时隔一年余。再次恢复这些比赛！,https://www.douyin.com/video/7012910989125389598,0,2:12,https://www.douyin.com/user/MS4wLjABAAAAgHGSSys9k_g7WwqE42OjU2x781lKrKxT2ksK9vzS0BQ,爱新觉罗溴隐亭,2月前
终官宣！中超降级名额基本取消！卡纳瓦罗与广州队终于走到尽头！,https://www.douyin.com/video/7012987082259975454,1,2:08,https://www.douyin.com/user/MS4wLjABAAAAgHGSSys9k_g7WwqE42OjU2x781lKrKxT2ksK9vzS0BQ,爱新觉罗溴隐亭,2月前
山东泰山坐拥主场！取得上上签！足协杯中超双料冠军？,https://www.douyin.com/video/7013343297892650253,1,2:11,https://www.douyin.com/user/MS4wLjABAAAAgHGSSys9k_g7WwqE42OjU2x781lKrKxT2ksK9vzS0BQ,爱新觉罗溴隐亭,2月前
中国队今夜迎来热身赛！四大国际级裁判严格执行十二强标准！,https://www.douyin.com/video/7013607670758329611,1,2:24,https://www.douyin.com/user/MS4wLjABAAAAgHGSSys9k_g7WwqE42OjU2x781lKrKxT2ksK9vzS0BQ,爱新觉罗溴隐亭,2月前
武汉外援隔离期间秀球技！李霄鹏能否依靠他成功保级？,https://www.douyin.com/video/7014335543865642278,3,2:13,https://www.douyin.com/user/MS4wLjABAAAAgHGSSys9k_g7WwqE42OjU2x781lKrKxT2ksK9vzS0BQ,爱新觉罗溴隐亭,2月前
山东泰山两外援参与训练！足协杯山东泰山有多大几率夺冠？,https://www.douyin.com/video/7015557714700963076,4,2:11,https://www.douyin.com/user/MS4wLjABAAAAgHGSSys9k_g7WwqE42OjU2x781lKrKxT2ksK9vzS0BQ,爱新觉罗溴隐亭,2月前
西甲老牌劲旅居然来中超挖墙脚！而且还是中下游球队！,https://www.douyin.com/video/7015559575906602243,2,2:14,https://www.douyin.com/user/MS4wLjABAAAAgHGSSys9k_g7WwqE42OjU2x781lKrKxT2ksK9vzS0BQ,爱新觉罗溴隐亭,2月前
皇马主帅盛赞武磊。在皇马必须主力！武磊真的有这个实力吗？,https://www.douyin.com/video/7015874555088538912,5,2:17,https://www.douyin.com/user/MS4wLjABAAAAgHGSSys9k_g7WwqE42OjU2x781lKrKxT2ksK9vzS0BQ,爱新觉罗溴隐亭,2月前
王燊超不仅仅只有项链和停球！今天他是中国队的王者和救世主！,https://www.douyin.com/video/7016405434034654495,2,2:19,https://www.douyin.com/user/MS4wLjABAAAAgHGSSys9k_g7WwqE42OjU2x781lKrKxT2ksK9vzS0BQ,爱新觉罗溴隐亭,2月前
中国队从越南全取三分。沙特力克日本！中国队出线形势全揭秘分析,https://www.douyin.com/video/7016407890600774916,17,2:25,https://www.douyin.com/user/MS4wLjABAAAAgHGSSys9k_g7WwqE42OjU2x781lKrKxT2ksK9vzS0BQ,爱新觉罗溴隐亭,2月前
阿兰受到沙特对手盛赞！但是事实真的就是如此吗？中国队该怎么打,https://www.douyin.com/video/7017317729279479048,1,2:12,https://www.douyin.com/user/MS4wLjABAAAAgHGSSys9k_g7WwqE42OjU2x781lKrKxT2ksK9vzS0BQ,爱新觉罗溴隐亭,2月前
山东泰山新援采访中暴露泰山赛季意图！就是为了双冠王！,https://www.douyin.com/video/7017318796075568421,1,2:13,https://www.douyin.com/user/MS4wLjABAAAAgHGSSys9k_g7WwqE42OjU2x781lKrKxT2ksK9vzS0BQ,爱新觉罗溴隐亭,2月前
中国队不敌沙特！严骏凌到底表现如何？相较于王大雷确实差点！,https://www.douyin.com/video/7018259747862252832,2,2:27,https://www.douyin.com/user/MS4wLjABAAAAgHGSSys9k_g7WwqE42OjU2x781lKrKxT2ksK9vzS0BQ,爱新觉罗溴隐亭,2月前
中国队到底该如何使用归化？十一月份主场可以四归化同时出战吗？,https://www.douyin.com/video/7018263011152432414,1,2:54,https://www.douyin.com/user/MS4wLjABAAAAgHGSSys9k_g7WwqE42OjU2x781lKrKxT2ksK9vzS0BQ,爱新觉罗溴隐亭,2月前
足协杯首轮这四支中超球队即惨遭淘汰！你认为原因到底在哪？,https://www.douyin.com/video/7018926586476891431,1,2:23,https://www.douyin.com/user/MS4wLjABAAAAgHGSSys9k_g7WwqE42OjU2x781lKrKxT2ksK9vzS0BQ,爱新觉罗溴隐亭,2月前
费南多与李铁不和。才不归队？其实不是。这才是主要原因！,https://www.douyin.com/video/7019239218778033422,1,2:25,https://www.douyin.com/user/MS4wLjABAAAAgHGSSys9k_g7WwqE42OjU2x781lKrKxT2ksK9vzS0BQ,爱新觉罗溴隐亭,2月前
山东泰山夺冠足协杯的概率有多大？还有谁能阻挡山东泰山的脚步？,https://www.douyin.com/video/7020011246854425889,0,2:12,https://www.douyin.com/user/MS4wLjABAAAAgHGSSys9k_g7WwqE42OjU2x781lKrKxT2ksK9vzS0BQ,爱新觉罗溴隐亭,2月前
陶强龙迎来爆发！踹角旗杆染黄。赛后亲承是这个原因！,https://www.douyin.com/video/7020347524095544590,3,2:37,https://www.douyin.com/user/MS4wLjABAAAAgHGSSys9k_g7WwqE42OjU2x781lKrKxT2ksK9vzS0BQ,爱新觉罗溴隐亭,2月前
武磊在西班牙人失去位置！李铁这么用武磊。废掉两个人！,https://www.douyin.com/video/7020635056276311300,0,2:28,https://www.douyin.com/user/MS4wLjABAAAAgHGSSys9k_g7WwqE42OjU2x781lKrKxT2ksK9vzS0BQ,爱新觉罗溴隐亭,2月前
卡拉斯科再聊中超经历！直言中超球员全是这个毛病！,https://www.douyin.com/video/7021088769285606670,3,2:19,https://www.douyin.com/user/MS4wLjABAAAAgHGSSys9k_g7WwqE42OjU2x781lKrKxT2ksK9vzS0BQ,爱新觉罗溴隐亭,2月前
莫雷诺年底合约到期！曾两度与妻子说最后一次续约上海申花！,https://www.douyin.com/video/7021089759242079521,0,2:25,https://www.douyin.com/user/MS4wLjABAAAAgHGSSys9k_g7WwqE42OjU2x781lKrKxT2ksK9vzS0BQ,爱新觉罗溴隐亭,2月前
足协杯八强全出炉！这一队已锁定晋级！沪上德比能否出现？,https://www.douyin.com/video/7021092192152243494,3,2:16,https://www.douyin.com/user/MS4wLjABAAAAgHGSSys9k_g7WwqE42OjU2x781lKrKxT2ksK9vzS0BQ,爱新觉罗溴隐亭,2月前
国家队遭遇巨大困境！但是可以这样解决！热身赛没有就打杯赛！,https://www.douyin.com/video/7021393696729894151,2,2:31,https://www.douyin.com/user/MS4wLjABAAAAgHGSSys9k_g7WwqE42OjU2x781lKrKxT2ksK9vzS0BQ,爱新觉罗溴隐亭,2月前
李霄鹏面对旧主！郝伟首次对决李霄鹏！会打脸山东球迷吗？,https://www.douyin.com/video/7021749091860335875,0,2:29,https://www.douyin.com/user/MS4wLjABAAAAgHGSSys9k_g7WwqE42OjU2x781lKrKxT2ksK9vzS0BQ,爱新觉罗溴隐亭,2月前
大连青年军对决上海海港！外援不齐的上海。没有必胜把握！,https://www.douyin.com/video/7021751617603095820,2,2:12,https://www.douyin.com/user/MS4wLjABAAAAgHGSSys9k_g7WwqE42OjU2x781lKrKxT2ksK9vzS0BQ,爱新觉罗溴隐亭,2月前
阿曼教练放狠话？不拿下国足？就地下课？做好自己才最重要！,https://www.douyin.com/video/7021752601192500494,2,2:11,https://www.douyin.com/user/MS4wLjABAAAAgHGSSys9k_g7WwqE42OjU2x781lKrKxT2ksK9vzS0BQ,爱新觉罗溴隐亭,2月前
广州队步江苏苏宁后尘？新球场已经移交产权！但是球队能否保住？,https://www.douyin.com/video/7000685255724223747,3,2:19,https://www.douyin.com/user/MS4wLjABAAAAgHGSSys9k_g7WwqE42OjU2x781lKrKxT2ksK9vzS0BQ,爱新觉罗溴隐亭,3月前
大连球迷要失望了！贝尼特斯有望带龙东前往英超。回归可能性很小,https://www.douyin.com/video/7001863939432762655,0,2:10,https://www.douyin.com/user/MS4wLjABAAAAgHGSSys9k_g7WwqE42OjU2x781lKrKxT2ksK9vzS0BQ,爱新觉罗溴隐亭,3月前
亚足联预测中国队世预赛！中国队面对十二强赛。会有怎么样表现？,https://www.douyin.com/video/7001865579896278276,2,2:32,https://www.douyin.com/user/MS4wLjABAAAAgHGSSys9k_g7WwqE42OjU2x781lKrKxT2ksK9vzS0BQ,爱新觉罗溴隐亭,3月前
大连球迷雪上加霜！又一外援自由身离开！球队进攻线再遭打击！,https://www.douyin.com/video/7002986515508890888,1,2:20,https://www.douyin.com/user/MS4wLjABAAAAgHGSSys9k_g7WwqE42OjU2x781lKrKxT2ksK9vzS0BQ,爱新觉罗溴隐亭,3月前
中国队上半场狂丢两球！中场形同虚设。张稀哲需要负起责任！,https://www.douyin.com/video/7003412649887157515,0,2:20,https://www.douyin.com/user/MS4wLjABAAAAgHGSSys9k_g7WwqE42OjU2x781lKrKxT2ksK9vzS0BQ,爱新觉罗溴隐亭,3月前
国足全场0射正！澳洲高塔完胜武磊！0次被过。中国队希望浇灭！,https://www.douyin.com/video/7003433003623927070,1,2:15,https://www.douyin.com/user/MS4wLjABAAAAgHGSSys9k_g7WwqE42OjU2x781lKrKxT2ksK9vzS0BQ,爱新觉罗溴隐亭,3月前
李铁分析国足失利最重要原因！中国足协功不可没！,https://www.douyin.com/video/7004023291933412639,8,2:21,https://www.douyin.com/user/MS4wLjABAAAAgHGSSys9k_g7WwqE42OjU2x781lKrKxT2ksK9vzS0BQ,爱新觉罗溴隐亭,3月前
中国队中卫组合到底应该怎么安排！这一将必须出战！,https://www.douyin.com/video/7004025216095636766,0,2:24,https://www.douyin.com/user/MS4wLjABAAAAgHGSSys9k_g7WwqE42OjU2x781lKrKxT2ksK9vzS0BQ,爱新觉罗溴隐亭,3月前
中国队首发这样排。一定能力克日本队！433阵型。重出江湖！,https://www.douyin.com/video/7004687850474097951,1,2:41,https://www.douyin.com/user/MS4wLjABAAAAgHGSSys9k_g7WwqE42OjU2x781lKrKxT2ksK9vzS0BQ,爱新觉罗溴隐亭,3月前
中国队面对日本应该这么打！前场三人紧密配合。中场这么安排！,https://www.douyin.com/video/7004689310968565004,0,2:54,https://www.douyin.com/user/MS4wLjABAAAAgHGSSys9k_g7WwqE42OjU2x781lKrKxT2ksK9vzS0BQ,爱新觉罗溴隐亭,3月前
中超休赛期。大连队的外援都在做什么？当队长和过生日！,https://www.douyin.com/video/7005055921244146975,0,2:20,https://www.douyin.com/user/MS4wLjABAAAAgHGSSys9k_g7WwqE42OjU2x781lKrKxT2ksK9vzS0BQ,爱新觉罗溴隐亭,3月前
中国队面对日本到底应该怎么一个想法去面对？结合上届分析！,https://www.douyin.com/video/7005057343163534624,0,2:09,https://www.douyin.com/user/MS4wLjABAAAAgHGSSys9k_g7WwqE42OjU2x781lKrKxT2ksK9vzS0BQ,爱新觉罗溴隐亭,3月前
中国队一球小负日本！你看出李铁的战术了吗？,https://www.douyin.com/video/7005243474219928869,0,2:55,https://www.douyin.com/user/MS4wLjABAAAAgHGSSys9k_g7WwqE42OjU2x781lKrKxT2ksK9vzS0BQ,爱新觉罗溴隐亭,3月前
米卢直言中国队有些妄自菲薄了！你觉得李铁上归化球员晚了吗？,https://www.douyin.com/video/7006299585928842503,0,2:19,https://www.douyin.com/user/MS4wLjABAAAAgHGSSys9k_g7WwqE42OjU2x781lKrKxT2ksK9vzS0BQ,爱新觉罗溴隐亭,3月前
武磊直言自己这个年龄出国已经很难为中国队带来提高！但意义在这,https://www.douyin.com/video/7006301898273852680,0,2:09,https://www.douyin.com/user/MS4wLjABAAAAgHGSSys9k_g7WwqE42OjU2x781lKrKxT2ksK9vzS0BQ,爱新觉罗溴隐亭,3月前
中超俱乐部险象环生！球员哪有心思安心为国家队效力？,https://www.douyin.com/video/7006303018211609887,0,2:20,https://www.douyin.com/user/MS4wLjABAAAAgHGSSys9k_g7WwqE42OjU2x781lKrKxT2ksK9vzS0BQ,爱新觉罗溴隐亭,3月前
辽宁全运会不敌四川！再度遭遇苦主！何去何从？,https://www.douyin.com/video/7007068108468817185,1,2:37,https://www.douyin.com/user/MS4wLjABAAAAgHGSSys9k_g7WwqE42OjU2x781lKrKxT2ksK9vzS0BQ,爱新觉罗溴隐亭,3月前
西班牙人不敌马竞！武磊到底该不该出场？莫雷诺真该下课！,https://www.douyin.com/video/7007069665075694860,1,2:20,https://www.douyin.com/user/MS4wLjABAAAAgHGSSys9k_g7WwqE42OjU2x781lKrKxT2ksK9vzS0BQ,爱新觉罗溴隐亭,3月前
李铁终于发威了！朱辰杰直呼说不出来话！中国队火力全开！,https://www.douyin.com/video/7008400814058245389,0,2:09,https://www.douyin.com/user/MS4wLjABAAAAgHGSSys9k_g7WwqE42OjU2x781lKrKxT2ksK9vzS0BQ,爱新觉罗溴隐亭,3月前
青岛队回击谣言！球队绝对没有解散！但是确实出现资金问题！,https://www.douyin.com/video/7008402464873483528,1,2:08,https://www.douyin.com/user/MS4wLjABAAAAgHGSSys9k_g7WwqE42OjU2x781lKrKxT2ksK9vzS0BQ,爱新觉罗溴隐亭,3月前
国家队住八千元天价酒店！成绩差花钱行！官方辟谣！,https://www.douyin.com/video/7009140119080914208,0,2:09,https://www.douyin.com/user/MS4wLjABAAAAgHGSSys9k_g7WwqE42OjU2x781lKrKxT2ksK9vzS0BQ,爱新觉罗溴隐亭,3月前
除非遭遇这种情况！广州队直言可以坚持到本赛季结束！,https://www.douyin.com/video/7009600412898692383,1,2:08,https://www.douyin.com/user/MS4wLjABAAAAgHGSSys9k_g7WwqE42OjU2x781lKrKxT2ksK9vzS0BQ,爱新觉罗溴隐亭,3月前
孙继海公开点评新疆队全运会亚军！中国足球的未来在新疆！,https://www.douyin.com/video/7009603275796385061,3,2:14,https://www.douyin.com/user/MS4wLjABAAAAgHGSSys9k_g7WwqE42OjU2x781lKrKxT2ksK9vzS0BQ,爱新觉罗溴隐亭,3月前
武磊一反常态！武磊替补登场三十分钟！你对他的表现满意吗？,https://www.douyin.com/video/7010013408405867784,0,2:15,https://www.douyin.com/user/MS4wLjABAAAAgHGSSys9k_g7WwqE42OjU2x781lKrKxT2ksK9vzS0BQ,爱新觉罗溴隐亭,3月前
大连人少有的靠谱球员晒幸福！他是国家队右边后卫有力竞争者！,https://www.douyin.com/video/7010016289993411851,0,2:15,https://www.douyin.com/user/MS4wLjABAAAAgHGSSys9k_g7WwqE42OjU2x781lKrKxT2ksK9vzS0BQ,爱新觉罗溴隐亭,3月前
广州队遭遇滑铁卢。其实受到影响最大的是他们！青训永远一文不值,https://www.douyin.com/video/7010260986963709188,0,2:09,https://www.douyin.com/user/MS4wLjABAAAAgHGSSys9k_g7WwqE42OjU2x781lKrKxT2ksK9vzS0BQ,爱新觉罗溴隐亭,3月前
广州富力绝处逢生！有资金注入！但是广州恒大队何去何从？,https://www.douyin.com/video/7010767702834826499,1,2:08,https://www.douyin.com/user/MS4wLjABAAAAgHGSSys9k_g7WwqE42OjU2x781lKrKxT2ksK9vzS0BQ,爱新觉罗溴隐亭,3月前
广州赛区初现端倪！山东泰山逐渐摆脱广东三雄围剿！,https://www.douyin.com/video/6988150933796539656,0,2:21,https://www.douyin.com/user/MS4wLjABAAAAgHGSSys9k_g7WwqE42OjU2x781lKrKxT2ksK9vzS0BQ,爱新觉罗溴隐亭,4月前
青岛队有望压哨引援！面对沧州雄狮能否完成双杀对手？,https://www.douyin.com/video/6988153630192848136,0,2:10,https://www.douyin.com/user/MS4wLjABAAAAgHGSSys9k_g7WwqE42OjU2x781lKrKxT2ksK9vzS0BQ,爱新觉罗溴隐亭,4月前
贾秀全说球队不需要球星！王霜面对赞比亚戴帽。难道不需要吗？,https://www.douyin.com/video/6988412366383893799,2,2:09,https://www.douyin.com/user/MS4wLjABAAAAgHGSSys9k_g7WwqE42OjU2x781lKrKxT2ksK9vzS0BQ,爱新觉罗溴隐亭,4月前
大连人迎来重大利好！面对长春亚泰可以多一外援迎战！,https://www.douyin.com/video/6988769534731635998,0,2:09,https://www.douyin.com/user/MS4wLjABAAAAgHGSSys9k_g7WwqE42OjU2x781lKrKxT2ksK9vzS0BQ,爱新觉罗溴隐亭,4月前
何塞回应龙东问题！龙东到底能否回归。球队还需要他吗？,https://www.douyin.com/video/6991747927915941156,0,2:14,https://www.douyin.com/user/MS4wLjABAAAAgHGSSys9k_g7WwqE42OjU2x781lKrKxT2ksK9vzS0BQ,爱新觉罗溴隐亭,4月前
大连队玄冥二老压阵！但是这个中场表现实在太差！大连球员大点评,https://www.douyin.com/video/6992231875456650533,0,3:30,https://www.douyin.com/user/MS4wLjABAAAAgHGSSys9k_g7WwqE42OjU2x781lKrKxT2ksK9vzS0BQ,爱新觉罗溴隐亭,4月前
日本国奥一球惜败西班牙！日本真的在向世界一流靠近！,https://www.douyin.com/video/6992233935975599397,4,2:30,https://www.douyin.com/user/MS4wLjABAAAAgHGSSys9k_g7WwqE42OjU2x781lKrKxT2ksK9vzS0BQ,爱新觉罗溴隐亭,4月前
山东泰山遭遇深圳、广州队围剿！广州城已经掉队！,https://www.douyin.com/video/6992472516233039115,0,2:22,https://www.douyin.com/user/MS4wLjABAAAAgHGSSys9k_g7WwqE42OjU2x781lKrKxT2ksK9vzS0BQ,爱新觉罗溴隐亭,4月前
山东泰山决战深圳队！谁能坐稳榜首！占据有利位置？,https://www.douyin.com/video/6992487819843276062,2,2:12,https://www.douyin.com/user/MS4wLjABAAAAgHGSSys9k_g7WwqE42OjU2x781lKrKxT2ksK9vzS0BQ,爱新觉罗溴隐亭,4月前
大连人惨败是田忌赛马？何塞到底是怎么想的呢？不得已而为之！,https://www.douyin.com/video/6993337294749043976,0,2:18,https://www.douyin.com/user/MS4wLjABAAAAgHGSSys9k_g7WwqE42OjU2x781lKrKxT2ksK9vzS0BQ,爱新觉罗溴隐亭,4月前
大连人双中卫灾难级表现！送申花四球。点评本场比赛球员！,https://www.douyin.com/video/6994380984548379942,0,2:51,https://www.douyin.com/user/MS4wLjABAAAAgHGSSys9k_g7WwqE42OjU2x781lKrKxT2ksK9vzS0BQ,爱新觉罗溴隐亭,4月前
丹尼尔森终于现身！大连人后卫线终于可以让人安心了！,https://www.douyin.com/video/6994829379851291907,0,2:11,https://www.douyin.com/user/MS4wLjABAAAAgHGSSys9k_g7WwqE42OjU2x781lKrKxT2ksK9vzS0BQ,爱新觉罗溴隐亭,4月前
青岛队创中超连败纪录！兵败如山倒！吴金贵是否改下课？,https://www.douyin.com/video/6995204364361108769,0,2:19,https://www.douyin.com/user/MS4wLjABAAAAgHGSSys9k_g7WwqE42OjU2x781lKrKxT2ksK9vzS0BQ,爱新觉罗溴隐亭,4月前
足协杯外围赛开战！你觉得山东泰山能不能拿下双料冠军呢？,https://www.douyin.com/video/6998170908242251020,0,2:13,https://www.douyin.com/user/MS4wLjABAAAAgHGSSys9k_g7WwqE42OjU2x781lKrKxT2ksK9vzS0BQ,爱新觉罗溴隐亭,4月前
谢晖辞去主教练一职！南通支云官方表示接受！这样的结果心寒吗？,https://www.douyin.com/video/6999266180292742414,0,2:16,https://www.douyin.com/user/MS4wLjABAAAAgHGSSys9k_g7WwqE42OjU2x781lKrKxT2ksK9vzS0BQ,爱新觉罗溴隐亭,4月前
十二强赛大概率会采用主客场制度！中国队巨大不利就在眼前！,https://www.douyin.com/video/6977587128150576423,1,2:22,https://www.douyin.com/user/MS4wLjABAAAAgHGSSys9k_g7WwqE42OjU2x781lKrKxT2ksK9vzS0BQ,爱新觉罗溴隐亭,5月前
欧洲杯焦点争锋！比利时群星璀璨还是C罗独自扛起葡萄牙前行？,https://www.douyin.com/video/6978402770072259876,2,2:10,https://www.douyin.com/user/MS4wLjABAAAAgHGSSys9k_g7WwqE42OjU2x781lKrKxT2ksK9vzS0BQ,爱新觉罗溴隐亭,5月前
十二强赛中国队告急！卡尔德克火线归化勤王！中国队剑指世界杯！,https://www.douyin.com/video/6979870383516241159,3,2:10,https://www.douyin.com/user/MS4wLjABAAAAgHGSSys9k_g7WwqE42OjU2x781lKrKxT2ksK9vzS0BQ,爱新觉罗溴隐亭,5月前
越南大放厥词！扬言十球完胜中国！请看看上一届的泰国队！,https://www.douyin.com/video/6980281561883200801,4,2:10,https://www.douyin.com/user/MS4wLjABAAAAgHGSSys9k_g7WwqE42OjU2x781lKrKxT2ksK9vzS0BQ,爱新觉罗溴隐亭,5月前
中超新赛季赛程全公布！最让人担心就是这个结局！,https://www.douyin.com/video/6981379828318571784,0,2:13,https://www.douyin.com/user/MS4wLjABAAAAgHGSSys9k_g7WwqE42OjU2x781lKrKxT2ksK9vzS0BQ,爱新觉罗溴隐亭,5月前
大连队再添外援！大连队后防大将已经进入隔离阶段！,https://www.douyin.com/video/6985174640561900807,0,2:09,https://www.douyin.com/user/MS4wLjABAAAAgHGSSys9k_g7WwqE42OjU2x781lKrKxT2ksK9vzS0BQ,爱新觉罗溴隐亭,5月前
大连队重新集结训练！一个月的时间。能否足够何塞打造自己的球队,https://www.douyin.com/video/6965449962079391015,1,2:26,https://www.douyin.com/user/MS4wLjABAAAAgHGSSys9k_g7WwqE42OjU2x781lKrKxT2ksK9vzS0BQ,爱新觉罗溴隐亭,6月前
亚足联分析中国队四十强赛困境！直言武磊将扮演关键先生！,https://www.douyin.com/video/6965856639471652127,1,2:57,https://www.douyin.com/user/MS4wLjABAAAAgHGSSys9k_g7WwqE42OjU2x781lKrKxT2ksK9vzS0BQ,爱新觉罗溴隐亭,6月前
国足世预赛再迎重大利好！VAR被取消。主场优势明显！,https://www.douyin.com/video/6966211514101402911,0,2:55,https://www.douyin.com/user/MS4wLjABAAAAgHGSSys9k_g7WwqE42OjU2x781lKrKxT2ksK9vzS0BQ,爱新觉罗溴隐亭,6月前
天津球迷幸福了！津门虎休赛期三场热身赛！同时会引入内外援！,https://www.douyin.com/video/6966619936911297830,1,2:10,https://www.douyin.com/user/MS4wLjABAAAAgHGSSys9k_g7WwqE42OjU2x781lKrKxT2ksK9vzS0BQ,爱新觉罗溴隐亭,6月前
四十强赛。米卢支招李铁。直言有秘籍可以传授李铁！,https://www.douyin.com/video/6966621826940275979,1,2:23,https://www.douyin.com/user/MS4wLjABAAAAgHGSSys9k_g7WwqE42OjU2x781lKrKxT2ksK9vzS0BQ,爱新觉罗溴隐亭,6月前
大连人股权惊天变更？大连文旅入主？大连万达赞助形式？,https://www.douyin.com/video/6966624717209980163,1,2:06,https://www.douyin.com/user/MS4wLjABAAAAgHGSSys9k_g7WwqE42OjU2x781lKrKxT2ksK9vzS0BQ,爱新觉罗溴隐亭,6月前
河南外援有望归队！伊沃等人已经找到归来途径！河南实力有望增强,https://www.douyin.com/video/6966894814256237837,3,2:12,https://www.douyin.com/user/MS4wLjABAAAAgHGSSys9k_g7WwqE42OjU2x781lKrKxT2ksK9vzS0BQ,爱新觉罗溴隐亭,6月前
国足面对关岛。怎么排兵布阵？这个首发名单你认可嘛？,https://www.douyin.com/video/6967733047626075423,2,2:38,https://www.douyin.com/user/MS4wLjABAAAAgHGSSys9k_g7WwqE42OjU2x781lKrKxT2ksK9vzS0BQ,爱新觉罗溴隐亭,6月前
国家队时隔529天。今晚再次迎来正式亮相！练兵比净胜球更有意义,https://www.douyin.com/video/6967938800953609504,1,2:13,https://www.douyin.com/user/MS4wLjABAAAAgHGSSys9k_g7WwqE42OjU2x781lKrKxT2ksK9vzS0BQ,爱新觉罗溴隐亭,6月前
牵一发动全身！国足改道迪拜！你觉得合理嘛？,https://www.douyin.com/video/6968365496953605415,0,2:18,https://www.douyin.com/user/MS4wLjABAAAAgHGSSys9k_g7WwqE42OjU2x781lKrKxT2ksK9vzS0BQ,爱新觉罗溴隐亭,6月前
亚足联随意更改赛程！武磊领衔的国足。丧失优势之后还能晋级嘛？,https://www.douyin.com/video/6968366290058628388,1,2:12,https://www.douyin.com/user/MS4wLjABAAAAgHGSSys9k_g7WwqE42OjU2x781lKrKxT2ksK9vzS0BQ,爱新觉罗溴隐亭,6月前
亚足联出尔反尔。叙利亚决不让步！中国队苦吞悲剧结果！,https://www.douyin.com/video/6968733104756231428,0,2:18,https://www.douyin.com/user/MS4wLjABAAAAgHGSSys9k_g7WwqE42OjU2x781lKrKxT2ksK9vzS0BQ,爱新觉罗溴隐亭,6月前
中国队再次面临欺侮？需要承担其余球队费用？这是没办法的！,https://www.douyin.com/video/6969175727602142503,0,2:25,https://www.douyin.com/user/MS4wLjABAAAAgHGSSys9k_g7WwqE42OjU2x781lKrKxT2ksK9vzS0BQ,爱新觉罗溴隐亭,6月前
叙利亚请学学关岛！为什么人家的评论如此中肯？,https://www.douyin.com/video/6969562169272831271,0,2:52,https://www.douyin.com/user/MS4wLjABAAAAgHGSSys9k_g7WwqE42OjU2x781lKrKxT2ksK9vzS0BQ,爱新觉罗溴隐亭,6月前
大连队视频宣！退役老将再次回归大连！大连需要这些老人！,https://www.douyin.com/video/6969563187184143654,0,2:14,https://www.douyin.com/user/MS4wLjABAAAAgHGSSys9k_g7WwqE42OjU2x781lKrKxT2ksK9vzS0BQ,爱新觉罗溴隐亭,6月前
国足只要拿下菲律宾就能进军前四！国足能否掌握主动权？,https://www.douyin.com/video/6970647572847365409,0,2:34,https://www.douyin.com/user/MS4wLjABAAAAgHGSSys9k_g7WwqE42OjU2x781lKrKxT2ksK9vzS0BQ,爱新觉罗溴隐亭,6月前
国足真的掌握出线主动权了吗？小组第二风云突变！情况还是恶劣！,https://www.douyin.com/video/6971134618082823455,0,2:26,https://www.douyin.com/user/MS4wLjABAAAAgHGSSys9k_g7WwqE42OjU2x781lKrKxT2ksK9vzS0BQ,爱新觉罗溴隐亭,6月前
国足全场点评！留洋真的很有必要！十一个武磊就进世界杯了！,https://www.douyin.com/video/6971135760342830340,1,3:19,https://www.douyin.com/user/MS4wLjABAAAAgHGSSys9k_g7WwqE42OjU2x781lKrKxT2ksK9vzS0BQ,爱新觉罗溴隐亭,6月前
中国队用实力让菲律宾闭嘴！下一次面对叙利亚。我们也可以吗？,https://www.douyin.com/video/6971136765365062945,0,2:21,https://www.douyin.com/user/MS4wLjABAAAAgHGSSys9k_g7WwqE42OjU2x781lKrKxT2ksK9vzS0BQ,爱新觉罗溴隐亭,6月前
亚足联再给中国队下绊子？中国队比赛时间延后。难道不是利好？,https://www.douyin.com/video/6972531683023277349,0,2:09,https://www.douyin.com/user/MS4wLjABAAAAgHGSSys9k_g7WwqE42OjU2x781lKrKxT2ksK9vzS0BQ,爱新觉罗溴隐亭,6月前
中国队除了武磊全部轮换？这样对战马尔代夫。真的可以吗？,https://www.douyin.com/video/6972533284798565643,0,2:25,https://www.douyin.com/user/MS4wLjABAAAAgHGSSys9k_g7WwqE42OjU2x781lKrKxT2ksK9vzS0BQ,爱新觉罗溴隐亭,6月前
中国队位列榜首！牢牢掌握出线主动权！这样的国家队怎能不爱？,https://www.douyin.com/video/6972612805304323359,1,2:16,https://www.douyin.com/user/MS4wLjABAAAAgHGSSys9k_g7WwqE42OjU2x781lKrKxT2ksK9vzS0BQ,爱新觉罗溴隐亭,6月前
中国队全场最佳居然不是武磊！点评本场比赛国家队两位边后卫！,https://www.douyin.com/video/6972618519426911521,1,2:41,https://www.douyin.com/user/MS4wLjABAAAAgHGSSys9k_g7WwqE42OjU2x781lKrKxT2ksK9vzS0BQ,爱新觉罗溴隐亭,6月前
黎巴嫩输给韩国之后！中国队的出线形势明朗！十二强中国来了！,https://www.douyin.com/video/6973207358969335077,1,2:21,https://www.douyin.com/user/MS4wLjABAAAAgHGSSys9k_g7WwqE42OjU2x781lKrKxT2ksK9vzS0BQ,爱新觉罗溴隐亭,6月前
留给中国队出局的时间不多了！黎巴嫩输球后。中国队出线在望！,https://www.douyin.com/video/6973208176950807846,2,2:15,https://www.douyin.com/user/MS4wLjABAAAAgHGSSys9k_g7WwqE42OjU2x781lKrKxT2ksK9vzS0BQ,爱新觉罗溴隐亭,6月前
中国队面对叙利亚最后一战面临最大问题！如何解决才是关键！,https://www.douyin.com/video/6973210099540118823,3,2:17,https://www.douyin.com/user/MS4wLjABAAAAgHGSSys9k_g7WwqE42OjU2x781lKrKxT2ksK9vzS0BQ,爱新觉罗溴隐亭,6月前
叙利亚头号射手将会主攻中国右路！中国队谁能在右路一夫当关？,https://www.douyin.com/video/6973546519010020641,1,2:23,https://www.douyin.com/user/MS4wLjABAAAAgHGSSys9k_g7WwqE42OjU2x781lKrKxT2ksK9vzS0BQ,爱新觉罗溴隐亭,6月前
中国队面对叙利亚。进攻线必须这么改变！前场必须做出换人！,https://www.douyin.com/video/6973547384164994312,1,2:40,https://www.douyin.com/user/MS4wLjABAAAAgHGSSys9k_g7WwqE42OjU2x781lKrKxT2ksK9vzS0BQ,爱新觉罗溴隐亭,6月前
亚冠联赛。中超三强的代理主教练全部出炉。这样阵容迎战亚冠！,https://www.douyin.com/video/6973549066420522253,1,2:18,https://www.douyin.com/user/MS4wLjABAAAAgHGSSys9k_g7WwqE42OjU2x781lKrKxT2ksK9vzS0BQ,爱新觉罗溴隐亭,6月前
中国队赛前迎来重大利好！面对叙利亚之前。很可能提前出线！,https://www.douyin.com/video/6973908625051962655,1,2:09,https://www.douyin.com/user/MS4wLjABAAAAgHGSSys9k_g7WwqE42OjU2x781lKrKxT2ksK9vzS0BQ,爱新觉罗溴隐亭,6月前
李铁训练后单独支招韦世豪！中叙之战。你期待韦世豪上场嘛？,https://www.douyin.com/video/6973911695504723238,17,2:12,https://www.douyin.com/user/MS4wLjABAAAAgHGSSys9k_g7WwqE42OjU2x781lKrKxT2ksK9vzS0BQ,爱新觉罗溴隐亭,6月前
中国面对叙利亚。这两个点必须调整。才能保证万无一失！,https://www.douyin.com/video/6973912738934328583,2,2:33,https://www.douyin.com/user/MS4wLjABAAAAgHGSSys9k_g7WwqE42OjU2x781lKrKxT2ksK9vzS0BQ,爱新觉罗溴隐亭,6月前
中国队再也不是十二强鱼腩了！至少这几支球队。稳稳拿下！,https://www.douyin.com/video/6974326776289856806,0,2:20,https://www.douyin.com/user/MS4wLjABAAAAgHGSSys9k_g7WwqE42OjU2x781lKrKxT2ksK9vzS0BQ,爱新觉罗溴隐亭,6月前
中国队再迎巨大不利！十二强赛。不出意外。还是主客场制度！,https://www.douyin.com/video/6975147035854966028,25,2:16,https://www.douyin.com/user/MS4wLjABAAAAgHGSSys9k_g7WwqE42OjU2x781lKrKxT2ksK9vzS0BQ,爱新觉罗溴隐亭,6月前
叙利亚头号球星直言中国队亚洲三流！但是武磊是亚洲梅西！,https://www.douyin.com/video/6975477357280906500,4,2:12,https://www.douyin.com/user/MS4wLjABAAAAgHGSSys9k_g7WwqE42OjU2x781lKrKxT2ksK9vzS0BQ,爱新觉罗溴隐亭,6月前
联赛为国家队让路？中超联赛新赛季只打十五轮单循环就决定胜负？,https://www.douyin.com/video/6976591268151430430,1,2:42,https://www.douyin.com/user/MS4wLjABAAAAgHGSSys9k_g7WwqE42OjU2x781lKrKxT2ksK9vzS0BQ,爱新觉罗溴隐亭,6月前
北京国安迎战上海申花！苏州赛区焦点战谁能更胜一筹！,https://www.douyin.com/video/6954314183735315744,1,2:24,https://www.douyin.com/user/MS4wLjABAAAAgHGSSys9k_g7WwqE42OjU2x781lKrKxT2ksK9vzS0BQ,爱新觉罗溴隐亭,7月前
山东泰山次轮面对真正的考验！广州恒大能否拦住山东泰山？,https://www.douyin.com/video/6954701292602215711,1,2:24,https://www.douyin.com/user/MS4wLjABAAAAgHGSSys9k_g7WwqE42OjU2x781lKrKxT2ksK9vzS0BQ,爱新觉罗溴隐亭,7月前
北京国安再面对上海球队！输给上海申花之后面对上海海港会如何？,https://www.douyin.com/video/6954702468710239499,0,2:34,https://www.douyin.com/user/MS4wLjABAAAAgHGSSys9k_g7WwqE42OjU2x781lKrKxT2ksK9vzS0BQ,爱新觉罗溴隐亭,7月前
周军直言申花没有夺冠的绝对实力！我们要有清醒认知。过于谦虚！,https://www.douyin.com/video/6955050978945158404,0,2:25,https://www.douyin.com/user/MS4wLjABAAAAgHGSSys9k_g7WwqE42OjU2x781lKrKxT2ksK9vzS0BQ,爱新觉罗溴隐亭,7月前
北京国安接连遭遇上海双雄！真的是苦了比利奇。还要为球队造势！,https://www.douyin.com/video/6955462443275406599,1,2:12,https://www.douyin.com/user/MS4wLjABAAAAgHGSSys9k_g7WwqE42OjU2x781lKrKxT2ksK9vzS0BQ,爱新觉罗溴隐亭,7月前
大连队与河北队争议判罚到底是不是误判。这里有最公正评价！,https://www.douyin.com/video/6956475107132837124,0,2:37,https://www.douyin.com/user/MS4wLjABAAAAgHGSSys9k_g7WwqE42OjU2x781lKrKxT2ksK9vzS0BQ,爱新觉罗溴隐亭,7月前
两个角度分析！赵宏略飞踹巴索戈合理不合理！收脚没收脚？,https://www.douyin.com/video/6956855059720326431,0,2:34,https://www.douyin.com/user/MS4wLjABAAAAgHGSSys9k_g7WwqE42OjU2x781lKrKxT2ksK9vzS0BQ,爱新觉罗溴隐亭,7月前
上海德比为什么买提江的红牌看VAR。而点球不看VAR ?不公平？,https://www.douyin.com/video/6959205004821482789,0,2:30,https://www.douyin.com/user/MS4wLjABAAAAgHGSSys9k_g7WwqE42OjU2x781lKrKxT2ksK9vzS0BQ,爱新觉罗溴隐亭,7月前
山东德比给大家上了一课！山东泰山拿下青岛。在北方大巴不好使！,https://www.douyin.com/video/6959900954250579238,0,2:11,https://www.douyin.com/user/MS4wLjABAAAAgHGSSys9k_g7WwqE42OjU2x781lKrKxT2ksK9vzS0BQ,爱新觉罗溴隐亭,7月前
朱挺恶意动作招致红牌！没得洗。但是追加停赛真的没必要！,https://www.douyin.com/video/6959903503665909030,1,2:09,https://www.douyin.com/user/MS4wLjABAAAAgHGSSys9k_g7WwqE42OjU2x781lKrKxT2ksK9vzS0BQ,爱新觉罗溴隐亭,7月前
大连人拿下天王沟之战！但是这场比赛把握机会能力真不行！,https://www.douyin.com/video/6961008564441779463,0,2:12,https://www.douyin.com/user/MS4wLjABAAAAgHGSSys9k_g7WwqE42OjU2x781lKrKxT2ksK9vzS0BQ,爱新觉罗溴隐亭,7月前
大连队终迎首胜！点评全场球员！圣张翀又回来了！,https://www.douyin.com/video/6961009798154358048,0,3:56,https://www.douyin.com/user/MS4wLjABAAAAgHGSSys9k_g7WwqE42OjU2x781lKrKxT2ksK9vzS0BQ,爱新觉罗溴隐亭,7月前
山东泰山时隔1500天再度登顶中超！你认为新赛季山东能笑到最后吗,https://www.douyin.com/video/6961322133624474894,0,2:27,https://www.douyin.com/user/MS4wLjABAAAAgHGSSys9k_g7WwqE42OjU2x781lKrKxT2ksK9vzS0BQ,爱新觉罗溴隐亭,7月前
山东泰山迎战深圳队！山东能否力克深圳。保住榜首？,https://www.douyin.com/video/6961705607623757092,0,2:07,https://www.douyin.com/user/MS4wLjABAAAAgHGSSys9k_g7WwqE42OjU2x781lKrKxT2ksK9vzS0BQ,爱新觉罗溴隐亭,7月前
山东泰山能否力克深圳！保留住榜首位置？还是深圳成功登顶？,https://www.douyin.com/video/6962036597890075937,1,2:13,https://www.douyin.com/user/MS4wLjABAAAAgHGSSys9k_g7WwqE42OjU2x781lKrKxT2ksK9vzS0BQ,爱新觉罗溴隐亭,7月前
龙东租借期满！回归大连在望？恐怕真的是不一定会回归！,https://www.douyin.com/video/6962038145802112286,0,2:24,https://www.douyin.com/user/MS4wLjABAAAAgHGSSys9k_g7WwqE42OjU2x781lKrKxT2ksK9vzS0BQ,爱新觉罗溴隐亭,7月前
大连人面对上海海港应该排出433阵型吗？只有这样才能限制奥斯卡,https://www.douyin.com/video/6962404499830951172,0,2:39,https://www.douyin.com/user/MS4wLjABAAAAgHGSSys9k_g7WwqE42OjU2x781lKrKxT2ksK9vzS0BQ,爱新觉罗溴隐亭,7月前
大连完败上海海港！奥斯卡真的是防不住！降维打击！,https://www.douyin.com/video/6962910924055350540,1,2:16,https://www.douyin.com/user/MS4wLjABAAAAgHGSSys9k_g7WwqE42OjU2x781lKrKxT2ksK9vzS0BQ,爱新觉罗溴隐亭,7月前
十人武汉憾负天津！李霄鹏直言责任在于自己！但是姆比亚真不该！,https://www.douyin.com/video/6963253512771816740,1,2:10,https://www.douyin.com/user/MS4wLjABAAAAgHGSSys9k_g7WwqE42OjU2x781lKrKxT2ksK9vzS0BQ,爱新觉罗溴隐亭,7月前
上海申花迎来赛季首败！原因很简单！但是这样就喊下课为时尚早！,https://www.douyin.com/video/6963265639410683140,1,2:07,https://www.douyin.com/user/MS4wLjABAAAAgHGSSys9k_g7WwqE42OjU2x781lKrKxT2ksK9vzS0BQ,爱新觉罗溴隐亭,7月前
中超球队集体放弃亚冠？预备队出击亚冠。难道真的不能令人理解？,https://www.douyin.com/video/6965132481498467587,0,2:27,https://www.douyin.com/user/MS4wLjABAAAAgHGSSys9k_g7WwqE42OjU2x781lKrKxT2ksK9vzS0BQ,爱新觉罗溴隐亭,7月前
两国脚加盟山东泰山！吉翔坚守到最后一刻才离开江苏苏宁！,https://www.douyin.com/video/6942856496174714119,1,2:08,https://www.douyin.com/user/MS4wLjABAAAAgHGSSys9k_g7WwqE42OjU2x781lKrKxT2ksK9vzS0BQ,爱新觉罗溴隐亭,8月前
盘点今日足坛四件大事！逼迫足协主席不得不暂停发言！,https://www.douyin.com/video/6942857440375344387,0,2:16,https://www.douyin.com/user/MS4wLjABAAAAgHGSSys9k_g7WwqE42OjU2x781lKrKxT2ksK9vzS0BQ,爱新觉罗溴隐亭,8月前
天津津门虎也有望起死回生？这个概率到底有多大呢？,https://www.douyin.com/video/6943137218630405408,0,2:07,https://www.douyin.com/user/MS4wLjABAAAAgHGSSys9k_g7WwqE42OjU2x781lKrKxT2ksK9vzS0BQ,爱新觉罗溴隐亭,8月前
中国足协对于NIKE的声明真的是软柿子！软骨头？其实还有这层原因,https://www.douyin.com/video/6944329255916408072,0,2:08,https://www.douyin.com/user/MS4wLjABAAAAgHGSSys9k_g7WwqE42OjU2x781lKrKxT2ksK9vzS0BQ,爱新觉罗溴隐亭,8月前
天津津门虎要求沧州雄狮归还球员？这样真的合理嘛？,https://www.douyin.com/video/6944331463324192014,3,2:16,https://www.douyin.com/user/MS4wLjABAAAAgHGSSys9k_g7WwqE42OjU2x781lKrKxT2ksK9vzS0BQ,爱新觉罗溴隐亭,8月前
大连人热身赛单欢欢连场破门！张翀新赛季主力位置不保！,https://www.douyin.com/video/6944332543244111111,0,2:12,https://www.douyin.com/user/MS4wLjABAAAAgHGSSys9k_g7WwqE42OjU2x781lKrKxT2ksK9vzS0BQ,爱新觉罗溴隐亭,8月前
天津津门虎阵容初见端倪！这样的内援阵容你认为能走多远？,https://www.douyin.com/video/6945429482392030503,1,2:18,https://www.douyin.com/user/MS4wLjABAAAAgHGSSys9k_g7WwqE42OjU2x781lKrKxT2ksK9vzS0BQ,爱新觉罗溴隐亭,8月前
中超放开观众！新赛季一触即发！揭幕战观众有望超过两万！,https://www.douyin.com/video/6945835822285393183,0,2:06,https://www.douyin.com/user/MS4wLjABAAAAgHGSSys9k_g7WwqE42OjU2x781lKrKxT2ksK9vzS0BQ,爱新觉罗溴隐亭,8月前
大连人内战即将上演！国字号球队热身大连队！,https://www.douyin.com/video/6945836653474860299,1,2:11,https://www.douyin.com/user/MS4wLjABAAAAgHGSSys9k_g7WwqE42OjU2x781lKrKxT2ksK9vzS0BQ,爱新觉罗溴隐亭,8月前
中国队世预赛赛程全公布！能否挺进十二强！全看这两场比赛！,https://www.douyin.com/video/6946144158226697504,87,2:12,https://www.douyin.com/user/MS4wLjABAAAAgHGSSys9k_g7WwqE42OjU2x781lKrKxT2ksK9vzS0BQ,爱新觉罗溴隐亭,8月前
泰达承诺必补齐欠款！津门虎和天海的托管有什么本质不同？,https://www.douyin.com/video/6946544423912197389,0,2:38,https://www.douyin.com/user/MS4wLjABAAAAgHGSSys9k_g7WwqE42OjU2x781lKrKxT2ksK9vzS0BQ,爱新觉罗溴隐亭,8月前
大连队新赛季外援定型！你期待新赛季的大连人获得第几？,https://www.douyin.com/video/6946545340896005406,0,2:21,https://www.douyin.com/user/MS4wLjABAAAAgHGSSys9k_g7WwqE42OjU2x781lKrKxT2ksK9vzS0BQ,爱新觉罗溴隐亭,8月前
新赛季外援均衡保护政策被取消！大连人新赛季的何去何从？,https://www.douyin.com/video/6946851128629923102,0,2:14,https://www.douyin.com/user/MS4wLjABAAAAgHGSSys9k_g7WwqE42OjU2x781lKrKxT2ksK9vzS0BQ,爱新觉罗溴隐亭,8月前
艾哈迈多夫到底会不会加盟沧州雄狮？定心丸需要吃下了！,https://www.douyin.com/video/6947256564118015265,1,2:23,https://www.douyin.com/user/MS4wLjABAAAAgHGSSys9k_g7WwqE42OjU2x781lKrKxT2ksK9vzS0BQ,爱新觉罗溴隐亭,8月前
大连队三球完败沧州雄狮！赵学斌上演史上最快反戈旧主！,https://www.douyin.com/video/6947257961165196551,1,2:22,https://www.douyin.com/user/MS4wLjABAAAAgHGSSys9k_g7WwqE42OjU2x781lKrKxT2ksK9vzS0BQ,爱新觉罗溴隐亭,8月前
中超新赛季最应该警惕假赌黑！限薪、无降级的情况下。默契球常见,https://www.douyin.com/video/6947609559112469792,0,2:12,https://www.douyin.com/user/MS4wLjABAAAAgHGSSys9k_g7WwqE42OjU2x781lKrKxT2ksK9vzS0BQ,爱新觉罗溴隐亭,8月前
国足结束最后一期集训！李铁放话国脚！你认为国足能走多远？,https://www.douyin.com/video/6947610769538288899,0,2:19,https://www.douyin.com/user/MS4wLjABAAAAgHGSSys9k_g7WwqE42OjU2x781lKrKxT2ksK9vzS0BQ,爱新觉罗溴隐亭,8月前
大连人后卫加盟上海申花！不得不说。还得跟大哥混啊！,https://www.douyin.com/video/6948417187950365965,0,2:28,https://www.douyin.com/user/MS4wLjABAAAAgHGSSys9k_g7WwqE42OjU2x781lKrKxT2ksK9vzS0BQ,爱新觉罗溴隐亭,8月前
何塞是贝尼特斯亲自力荐的主教练继任人选？你认为他合适吗？,https://www.douyin.com/video/6949159891307089185,0,2:20,https://www.douyin.com/user/MS4wLjABAAAAgHGSSys9k_g7WwqE42OjU2x781lKrKxT2ksK9vzS0BQ,爱新觉罗溴隐亭,8月前
中超揭幕战开放三万观众！第二、三阶段恢复主客场还远吗？,https://www.douyin.com/video/6949160299815603493,4,2:09,https://www.douyin.com/user/MS4wLjABAAAAgHGSSys9k_g7WwqE42OjU2x781lKrKxT2ksK9vzS0BQ,爱新觉罗溴隐亭,8月前
上海上港未交调节费？足协遭到质疑！这次足协真的该应对一下！,https://www.douyin.com/video/6949905069986909473,1,2:38,https://www.douyin.com/user/MS4wLjABAAAAgHGSSys9k_g7WwqE42OjU2x781lKrKxT2ksK9vzS0BQ,爱新觉罗溴隐亭,8月前
国际足联真的很信任中国裁判！越位新规则将在中国试点！,https://www.douyin.com/video/6950186783791451425,4,2:28,https://www.douyin.com/user/MS4wLjABAAAAgHGSSys9k_g7WwqE42OjU2x781lKrKxT2ksK9vzS0BQ,爱新觉罗溴隐亭,8月前
大连队又一球员离队！转会至上海申花！但是门将位置真的臃肿！,https://www.douyin.com/video/6950187683452849421,0,2:07,https://www.douyin.com/user/MS4wLjABAAAAgHGSSys9k_g7WwqE42OjU2x781lKrKxT2ksK9vzS0BQ,爱新觉罗溴隐亭,8月前
中国女足明日迎来终极一战！万名中国观众将要入场为女足助威！,https://www.douyin.com/video/6950188990171499815,0,2:09,https://www.douyin.com/user/MS4wLjABAAAAgHGSSys9k_g7WwqE42OjU2x781lKrKxT2ksK9vzS0BQ,爱新觉罗溴隐亭,8月前
大连人新赛季后腰搭档这么选才让人放心！后哈姆西克时代到来！,https://www.douyin.com/video/6952046123192225031,0,2:51,https://www.douyin.com/user/MS4wLjABAAAAgHGSSys9k_g7WwqE42OjU2x781lKrKxT2ksK9vzS0BQ,爱新觉罗溴隐亭,8月前
中超首战上演广州德比！真假广州队。你更看好谁取得胜利？,https://www.douyin.com/video/6952877387784801543,0,2:20,https://www.douyin.com/user/MS4wLjABAAAAgHGSSys9k_g7WwqE42OjU2x781lKrKxT2ksK9vzS0BQ,爱新觉罗溴隐亭,8月前
大连队首战长春亚泰！你认为应该如何首发！单外援确实难打！,https://www.douyin.com/video/6953626820314926373,0,3:03,https://www.douyin.com/user/MS4wLjABAAAAgHGSSys9k_g7WwqE42OjU2x781lKrKxT2ksK9vzS0BQ,爱新觉罗溴隐亭,8月前
广州恒大有望再改为广州恒久远大队？上海海港后遗症来了！,https://www.douyin.com/video/6933172804347088140,1,2:31,https://www.douyin.com/user/MS4wLjABAAAAgHGSSys9k_g7WwqE42OjU2x781lKrKxT2ksK9vzS0BQ,爱新觉罗溴隐亭,9月前
中超新赛季标王产生！金特罗官宣加盟！590万欧元近年最少！,https://www.douyin.com/video/6934690402788199694,3,2:28,https://www.douyin.com/user/MS4wLjABAAAAgHGSSys9k_g7WwqE42OjU2x781lKrKxT2ksK9vzS0BQ,爱新觉罗溴隐亭,9月前
江苏苏宁回天乏术！球迷们无端抵制苏宁？这样真的可取吗？,https://www.douyin.com/video/6935037552185314591,1,2:05,https://www.douyin.com/user/MS4wLjABAAAAgHGSSys9k_g7WwqE42OjU2x781lKrKxT2ksK9vzS0BQ,爱新觉罗溴隐亭,9月前
中超新赛季分组如果这样分！你觉得你的主队占优势吗？,https://www.douyin.com/video/6935039234390625549,1,2:21,https://www.douyin.com/user/MS4wLjABAAAAgHGSSys9k_g7WwqE42OjU2x781lKrKxT2ksK9vzS0BQ,爱新觉罗溴隐亭,9月前
哈姆西克租借加盟瑞超球队！大连队的高额年薪全部外租！,https://www.douyin.com/video/6936533340552056095,1,2:18,https://www.douyin.com/user/MS4wLjABAAAAgHGSSys9k_g7WwqE42OjU2x781lKrKxT2ksK9vzS0BQ,爱新觉罗溴隐亭,9月前
大连队要求部分球员降薪百分之五十？有的球员已经出走？,https://www.douyin.com/video/6937246622380264734,1,2:29,https://www.douyin.com/user/MS4wLjABAAAAgHGSSys9k_g7WwqE42OjU2x781lKrKxT2ksK9vzS0BQ,爱新觉罗溴隐亭,9月前
哈姆西克抵达瑞典签约在即！大连队降薪内讧开始？其实必须降薪！,https://www.douyin.com/video/6937249700236004622,1,2:15,https://www.douyin.com/user/MS4wLjABAAAAgHGSSys9k_g7WwqE42OjU2x781lKrKxT2ksK9vzS0BQ,爱新觉罗溴隐亭,9月前
哈姆西克正式加盟哥德堡！大连队还有新外援可引嘛？,https://www.douyin.com/video/6937572058243009831,0,2:17,https://www.douyin.com/user/MS4wLjABAAAAgHGSSys9k_g7WwqE42OjU2x781lKrKxT2ksK9vzS0BQ,爱新觉罗溴隐亭,9月前
比利奇全面改造北京国安！防守问题更是重中之重。你期待了吗？,https://www.douyin.com/video/6937574651975486753,0,2:31,https://www.douyin.com/user/MS4wLjABAAAAgHGSSys9k_g7WwqE42OjU2x781lKrKxT2ksK9vzS0BQ,爱新觉罗溴隐亭,9月前
拉尔森在瑞超训练就是要加盟？亲自辟谣！还有两年合同！,https://www.douyin.com/video/6937980014260391200,0,2:24,https://www.douyin.com/user/MS4wLjABAAAAgHGSSys9k_g7WwqE42OjU2x781lKrKxT2ksK9vzS0BQ,爱新觉罗溴隐亭,9月前
李昂加盟上海海港之后！吴曦无限接近加盟上海！,https://www.douyin.com/video/6937980656186068263,0,2:24,https://www.douyin.com/user/MS4wLjABAAAAgHGSSys9k_g7WwqE42OjU2x781lKrKxT2ksK9vzS0BQ,爱新觉罗溴隐亭,9月前
铁字号再集结。四大归化球员齐助阵！你看好国足进军十二强嘛？,https://www.douyin.com/video/6938753163965041959,0,2:31,https://www.douyin.com/user/MS4wLjABAAAAgHGSSys9k_g7WwqE42OjU2x781lKrKxT2ksK9vzS0BQ,爱新觉罗溴隐亭,9月前
山东泰山再添中场悍将！徐新正式加盟山东泰山！中场又强了！,https://www.douyin.com/video/6939163116542414118,3,2:13,https://www.douyin.com/user/MS4wLjABAAAAgHGSSys9k_g7WwqE42OjU2x781lKrKxT2ksK9vzS0BQ,爱新觉罗溴隐亭,9月前
江苏苏宁真的该万人唾弃嘛？没有给江苏留下火种。真的赖它？,https://www.douyin.com/video/6939165289393245454,0,2:09,https://www.douyin.com/user/MS4wLjABAAAAgHGSSys9k_g7WwqE42OjU2x781lKrKxT2ksK9vzS0BQ,爱新觉罗溴隐亭,9月前
上海海港官宣三将加盟！杜佳、李昂都是最佳引援！,https://www.douyin.com/video/6939425395506679078,1,2:32,https://www.douyin.com/user/MS4wLjABAAAAgHGSSys9k_g7WwqE42OjU2x781lKrKxT2ksK9vzS0BQ,爱新觉罗溴隐亭,9月前
新赛季的大连队前锋只有博阿滕一个人挑大梁！你看好他嘛？,https://www.douyin.com/video/6939427021277629709,0,2:12,https://www.douyin.com/user/MS4wLjABAAAAgHGSSys9k_g7WwqE42OjU2x781lKrKxT2ksK9vzS0BQ,爱新觉罗溴隐亭,9月前
七内援齐加盟！艾哈迈多夫也赶来助阵！沧州雄狮不可小觑！,https://www.douyin.com/video/6941282317470125323,0,2:23,https://www.douyin.com/user/MS4wLjABAAAAgHGSSys9k_g7WwqE42OjU2x781lKrKxT2ksK9vzS0BQ,爱新觉罗溴隐亭,9月前
大连队热身赛四胜一平！但是真没什么说服力！新外援教练了无音信,https://www.douyin.com/video/6941774674586078467,0,2:20,https://www.douyin.com/user/MS4wLjABAAAAgHGSSys9k_g7WwqE42OjU2x781lKrKxT2ksK9vzS0BQ,爱新觉罗溴隐亭,9月前
大连队与大部分球员达成一致！降薪成为中超大趋势！,https://www.douyin.com/video/6942475206854216992,0,2:20,https://www.douyin.com/user/MS4wLjABAAAAgHGSSys9k_g7WwqE42OjU2x781lKrKxT2ksK9vzS0BQ,爱新觉罗溴隐亭,9月前
西甲历史十大外籍球星。你认为这样的排名合理吗？ #皇马  #巴萨 ,https://www.douyin.com/video/6999540243590401288,1122,6:09,https://www.douyin.com/user/MS4wLjABAAAALFCD3UucLE2T36Xg3TrvuiSj_nuexPko17Oc2xx5xG8,大帝说足球,4月前
津琴科已成背景板。格子这球太逆天了#dou来足球季 #世预赛 #格列兹曼,https://www.douyin.com/video/6943429723921894692,2122,0:37,https://www.douyin.com/user/MS4wLjABAAAAUwuOxayelzrpUwz7ML4hD28g5GONFncpAx7FDtXTLG8,懂球帝,9月前
像不像即将复工的你#格列兹曼 #快乐足球 #五一,https://www.douyin.com/video/6956888835984723207,3.0w,0:25,https://www.douyin.com/user/MS4wLjABAAAAww0_5KHIzgE0DwYvhqX8hlwmQ-Vfz6qeUElunyjepZa3pdj7OtpTNrJ5XIyeImxx,法国国家足球队,8月前
#足球  #世界冠军法国队入驻抖音#格列兹曼防守卖力 进球自然水到渠成 这样的格子你怎能不爱？,https://www.douyin.com/video/6946126683548290340,2.1w,0:38,https://www.douyin.com/user/MS4wLjABAAAAww0_5KHIzgE0DwYvhqX8hlwmQ-Vfz6qeUElunyjepZa3pdj7OtpTNrJ5XIyeImxx,法国国家足球队,9月前
皮克格列兹曼互说敏感词  #dou来足球季 #皮克 #格列兹曼,https://www.douyin.com/video/6930026637371231496,3.8w,0:21,https://www.douyin.com/user/MS4wLjABAAAAg05yZhl1-UNIAsWKlcloAHaN6eURJqydG3B8xHOuT4mrjhep1zw4Udpxsmq66g5n,凡创足球,9月前
当时我们要是能再撑一撑。没准就是一辈子了 #世界杯  #dou来足球季,https://www.douyin.com/video/6970628851974130975,2203,0:12,https://www.douyin.com/user/MS4wLjABAAAAMkSHHlRVXYIHz7mmhylCNXqxnmLdVbv43KzKIPAQo4A,风云体育,6月前
转会最失败十大球星5.格列兹曼！#足球 #遇见足球 @抖音小助手 ,https://www.douyin.com/video/6978031029114113310,4946,0:22,https://www.douyin.com/user/MS4wLjABAAAAmtmJY73Hy88psIlNUZ863KL_f9QcarALZVM4p98qpDYYU3DTdMoq_ZQjGXhLwaGh,解说员昆仑,6月前
足坛最会赚钱的球星5：格列兹曼！#足球 #巴萨 @抖音小助手,https://www.douyin.com/video/6969054472177732877,855,0:24,https://www.douyin.com/user/MS4wLjABAAAAmtmJY73Hy88psIlNUZ863KL_f9QcarALZVM4p98qpDYYU3DTdMoq_ZQjGXhLwaGh,解说员昆仑,7月前
格子梅开二度后直红 你觉得红牌过分吗？#格列兹曼 #足球祎蓝说,https://www.douyin.com/video/7020927433213889806,3748,0:18,https://www.douyin.com/user/MS4wLjABAAAAmimsoUDxZN66kdjuKi4pT8W5iTpC3NVURLMTLGLY8pU,蓝色拔罐王,2月前
格子梅开二度染红 裁判判罚惹争议#格列兹曼 #马竞 #利物浦 #足球祎蓝说,https://www.douyin.com/video/7020931240962395405,2.7w,0:21,https://www.douyin.com/user/MS4wLjABAAAAmimsoUDxZN66kdjuKi4pT8W5iTpC3NVURLMTLGLY8pU,蓝色拔罐王,2月前
格列兹曼国家队成龙 巴萨哭晕在厕所#巴萨 #足球 #法国 #世界杯,https://www.douyin.com/video/7005370185867660551,2.6w,0:21,https://www.douyin.com/user/MS4wLjABAAAAmimsoUDxZN66kdjuKi4pT8W5iTpC3NVURLMTLGLY8pU,蓝色拔罐王,4月前
真是太开心了#格列兹曼#德容#阿尔巴#梅西 牛皮！#巴萨#科曼#巴萨国王杯夺冠,https://www.douyin.com/video/6952318758396366112,1316,1:21,https://www.douyin.com/user/MS4wLjABAAAAAhHry9rA1KYfOklvz2RMGDBeXAJCJmTC9LPzeHZZc9U,老林的足球世界,7月前
久违的逆转啊！皮主席牛逼！#巴萨#梅西#格列兹曼#皮克#巴萨晋级国王杯决赛,https://www.douyin.com/video/6935608758982675715,8666,1:45,https://www.douyin.com/user/MS4wLjABAAAAAhHry9rA1KYfOklvz2RMGDBeXAJCJmTC9LPzeHZZc9U,老林的足球世界,9月前
巴萨2-1战胜赫塔费。格列茨曼全场隐身#巴萨 #足球解说 #格列兹曼 #足球 ,https://www.douyin.com/video/7002149527905946893,194,0:16,https://www.douyin.com/user/MS4wLjABAAAA6m06TYYNrNb9xooUi0fsnEGVyTt3WeDom1113UihvdSdn6aIM7HTwrmUe4NAHtZv,利8体育,3月前
帅吗？不帅删了#格列兹曼 #巴萨 #足球,https://www.douyin.com/video/6941739363386658088,88,0:11,https://www.douyin.com/user/MS4wLjABAAAASPP2-dfBMCqY1v-ax1TDqK2qVJNaPy-4nPwCC_ca-1Y,灵听一线足球,8月前
“我努力奔跑。只为追上从前的自己”#足球 #格列茨曼,https://www.douyin.com/video/6937582183800376576,103,1:09,https://www.douyin.com/user/MS4wLjABAAAA-TNpPaz_D4TGmqSz5yWXewRrV6QilSA854zZv3AAxmc,梅西不太冷,9月前
别说替代内马尔了。连苏亚雷斯都没能替代！白花花的1.2亿心疼不#巴萨 #足球 #dou来足球季 @抖音小助手,https://www.douyin.com/video/6948757512774503716,1842,0:27,https://www.douyin.com/user/MS4wLjABAAAA5jrSkrxYJnKyUr20NIKCzjRStnLq5V06uSDVeORHcVq9LjyLI0Wmxo5KwUqkmbte,明墨足球,9月前
盘点“巴萨5废“第一名：安东尼·格里兹曼#西甲 #巴萨 #马竞 #格列兹曼 #巴萨5废 ,https://www.douyin.com/video/7026912458686123277,4827,1:46,https://www.douyin.com/user/MS4wLjABAAAAffQp9c9NdOahj_1A0yk0i_FxFg4lk6sfu1dgF7VfAB4,明墨足球江湖,2月前
2016年半决赛面对德国。这一次站出来的是#格列兹曼。终结了在国际大赛中对德国的58年不胜#dou欧洲杯 ,https://www.douyin.com/video/6974690138077056292,1506,1:58,https://www.douyin.com/user/MS4wLjABAAAAF1AjzYkZQtaaq5HvVQFdAMKjYRJYO7OEEVxNns04iM3Ww8lzetY9u3nDOqvqlH6M,声刻足球(原欧洲杯足记),6月前
从#马竞 到#巴萨 再回去。#格列兹曼 失意的两年！#遇见足球 #足球解说 #dou是球评人 #dou来足球季,https://www.douyin.com/video/7002982325780811015,3669,0:15,https://www.douyin.com/user/MS4wLjABAAAAVZ8wN79OhFNJaSkz8BDvQPTPPbY0d_0BAEFjk9N41xA,小鲍哥·漫话体育,4月前
#巴萨 道歉。但并未处罚！#足球解说 #遇见足球 #dou是球评人 #dou来足球季,https://www.douyin.com/video/6982252218791529736,4.8w,0:14,https://www.douyin.com/user/MS4wLjABAAAAVZ8wN79OhFNJaSkz8BDvQPTPPbY0d_0BAEFjk9N41xA,小鲍哥·漫话体育,5月前
#格列兹曼 双响。#巴萨 继续前进！#dou是球评人 #dou来足球季 #新春运动汇,https://www.douyin.com/video/6955136363767352584,6680,0:15,https://www.douyin.com/user/MS4wLjABAAAAVZ8wN79OhFNJaSkz8BDvQPTPPbY0d_0BAEFjk9N41xA,小鲍哥·漫话体育,7月前
#格列兹曼 是不是法国真核？#dou来足球季 #dou是球评人 #新春运动汇,https://www.douyin.com/video/6946174331378552100,1620,0:14,https://www.douyin.com/user/MS4wLjABAAAAVZ8wN79OhFNJaSkz8BDvQPTPPbY0d_0BAEFjk9N41xA,小鲍哥·漫话体育,8月前
16#欧洲杯#格列兹曼巅峰之战 肋部配合打爆#德国防线#足球 #足球解说,https://www.douyin.com/video/6971784213355941150,2973,1:42,https://www.douyin.com/user/MS4wLjABAAAAUI-ubg_OtrF40bp2-pGZxy4TKhwhQ3v6r-BLWS32bU53i51St7h9a4gI8UT5thIU,小战看球,7月前
格列兹曼抵达训练场后。被球迷说梅西是因为你离开的#格列兹曼 #巴萨 #梅西 ,https://www.douyin.com/video/6993253113188732173,1.1w,0:17,https://www.douyin.com/user/MS4wLjABAAAAAAGNoRG_zA2vH3J5fz_EA6OWYWQMotgt4XiDrKPii1o,熊猫体育,5月前
格列兹曼常年霸凌队友。法国媒体秘而不宣#格列兹曼 #本泽马 #法国队 #足球解说 ,https://www.douyin.com/video/6981384415716936990,1.6w,0:21,https://www.douyin.com/user/MS4wLjABAAAAAAGNoRG_zA2vH3J5fz_EA6OWYWQMotgt4XiDrKPii1o,熊猫体育,6月前
21世纪西甲十大外籍球星10格列兹曼#西甲#足球 @抖音小助手 ,https://www.douyin.com/video/6997723313615162631,121,0:44,https://www.douyin.com/user/MS4wLjABAAAAib2oa8BQA3Ex84IplsIAmiOC9eS-CCJl2hZH7gokxERJRHdgvG9NxDNqL9sQiSCO,一脚世界波,3月前
,,,,,,
,,,,,,
,,,,,,
,deleted by users,,,,,
,https://www.douyin.com/video/6928621517752274190,,,https://www.douyin.com/user/MS4wLjABAAAA_34x-g9CiHUrQ5MyH5E4PoLwVESov256lYoU--1jcGM,,
,https://www.douyin.com/video/6929045304956292365,,,https://www.douyin.com/user/MS4wLjABAAAA_6wwxUEBw594l3oZr25753NJUwvl9GSjxfGzP8TRCH47LWAYkMsS8xfpElMY7k2t,,
,https://www.douyin.com/video/6929782884362472712,,,https://www.douyin.com/user/MS4wLjABAAAA_j_92oaupqVTTA1bMEWetEAzK45Ey56_2izhsp318HuaJGZKXkTsIQy-SBbNkKQQ,,
,https://www.douyin.com/video/6929785931935370499,,,https://www.douyin.com/user/MS4wLjABAAAA--85KEGAtiXSb1kFD9-2sB2A1FylsZdniNd7SzMJZgOIigVj2Qu2DtombBlzn8bn,,
,https://www.douyin.com/video/6931283774411967752,,,https://www.douyin.com/user/MS4wLjABAAAA-djMIaEodgTiICZoG1-wipMrBdneNiQLW04XU8LTj7_cx1ltH7e6tXKpEZ9lpkWL,,
,https://www.douyin.com/video/6931669068629937419,,,https://www.douyin.com/user/MS4wLjABAAAA-EB7yraoqYlIFDVraY5I8rTxkt1J6435ZhndyEhLvhg,,
,https://www.douyin.com/video/6932425150407249160,,,https://www.douyin.com/user/MS4wLjABAAAA-qLrOimMYnfQKhmK22CL8lS-NCtrjQdKOH6dhzHg2wk,,
,https://www.douyin.com/video/6933465966344965391,,,https://www.douyin.com/user/MS4wLjABAAAA-ZPUaTesnBPZ7HgPCYRH1F4pnQVXCMKtw3EHBuAL9bdtHsOvUt3dutnxkUiP5jw8,,
,https://www.douyin.com/video/6934275940893592835,,,https://www.douyin.com/user/MS4wLjABAAAA03CDWSNmESq99plL0GnFFf5asTLt5hfHjpX_A78T-_c,,
,https://www.douyin.com/video/6934528231584419075,,,https://www.douyin.com/user/MS4wLjABAAAA0OtVeKWurOkbIroHNEFlASamiQGgtmORxaTcpDqmMq4,,
,https://www.douyin.com/video/6934874345621835021,,,https://www.douyin.com/user/MS4wLjABAAAA0YF_zJg9uibMac_imIcJTbZ7uDcLqH22IregaKzwl2I,,
,https://www.douyin.com/video/6934985429611465992,,,https://www.douyin.com/user/MS4wLjABAAAA1MsQadR9SIb3ASvfcK7AwUqZd9UOlaS_tygmZraRDdE,,
,https://www.douyin.com/video/6934997717265501478,,,https://www.douyin.com/user/MS4wLjABAAAA1Vozbd8x9_ICQi8OdqliLOsHnllRVlkKdTvf6DTn_LvL4OOIZf4vD3btUCaSxcB9,,
,https://www.douyin.com/video/6935340676896935180,,,https://www.douyin.com/user/MS4wLjABAAAA3gi_SohutRvNuxeLXHmACqa0iY0sWUYRNLGHZTPQaXU,,
,https://www.douyin.com/video/6936084427697147173,,,https://www.douyin.com/user/MS4wLjABAAAA4G5ZCPWYG_YHzuVxnUcafBQLvEK1wCC9B2M9xV7-991m6IwjKKvogqlFBbt4BU2v,,
,https://www.douyin.com/video/6936092440369679630,,,https://www.douyin.com/user/MS4wLjABAAAA4vgRHGrSG6rPlffm3RvwHWL8TBq7O4YnM5jHUNXz0-s,,
,https://www.douyin.com/video/6937477642463513860,,,https://www.douyin.com/user/MS4wLjABAAAA5dmjW2EgphEESDvuo4kkcW7uqvnc-osa_zgcp-YLLU4,,
,https://www.douyin.com/video/6937566540132830500,,,https://www.douyin.com/user/MS4wLjABAAAA6vP5j_P00IHNLgnBb4bx1AjSoY4x7jiDySNb1rryxbWNQRBChXYdo7MYBSwhnsB7,,
,https://www.douyin.com/video/6937598086210456869,,,https://www.douyin.com/user/MS4wLjABAAAA79pCaT5bZ4spz_fd7zM-SNdzEYdHdCRUZE0IPZ7Y91s,,
,https://www.douyin.com/video/6937601959973227813,,,https://www.douyin.com/user/MS4wLjABAAAA84I1mnlhweH-ttQDG5bI4V2thv2CjqnSY3w-FJy584iziwV8HZZJb1m6zskh1sKS,,
,https://www.douyin.com/video/6937944250264997158,,,https://www.douyin.com/user/MS4wLjABAAAA8gegR-iEYVfT5KrsxJAZUw878Jj2IytAHdRJm6cnCTJdhmGSphT6xHG_ejfPEvbL,,
,https://www.douyin.com/video/6938596904401915140,,,https://www.douyin.com/user/MS4wLjABAAAA8tOIoTRgUqPC-_7RPPD-HRxmQGLVVLoVVXupOQSuBpEBhTscwmt9aCYJpmhg7sLi,,
,https://www.douyin.com/video/6938920394325822731,,,https://www.douyin.com/user/MS4wLjABAAAA8Ucop5FJjPIIIPA0DHQjMLkxwN7UfYHsK8c-NxxilK8,,
,https://www.douyin.com/video/6939462618054806815,,,https://www.douyin.com/user/MS4wLjABAAAA8Y3dcRM94qVFZE-Td8lXM705Zon3c_a1bBx6w85tmWs,,
,https://www.douyin.com/video/6939463432634699044,,,https://www.douyin.com/user/MS4wLjABAAAA8zPaXv_wjAhOkRFB9ogZVfVkbP6VisFD8QuvEkZ51Po,,
,https://www.douyin.com/video/6939776056824040718,,,https://www.douyin.com/user/MS4wLjABAAAA90JvZO2_wfM-C8W259F1a0gAV1Vj9e6KAGb5ld17TMo,,
,https://www.douyin.com/video/6939815126136638734,,,https://www.douyin.com/user/MS4wLjABAAAAA4K4ifhG3jlNjxireUywrsUqE1DcMUpvNSoRPFXrWOJhucHT6pq9E0Wdu8Ct17wj,,
,https://www.douyin.com/video/6939826420625575200,,,https://www.douyin.com/user/MS4wLjABAAAAadhAdrEZliMcF7zACwd8NfapDNwpJ1SIHuYTMvAtcfjuDw4l1khopyNZdSI9Q98M,,
,https://www.douyin.com/video/6939827883074522401,,,https://www.douyin.com/user/MS4wLjABAAAAasweSjknA99cEzif4JFbGapsrMpbMWU_EDWeCpfJWTgB2cxw8h1D1uItHDIFkS1w,,
,https://www.douyin.com/video/6940537891072314637,,,https://www.douyin.com/user/MS4wLjABAAAAb63tuJ2ulPM3E1KCooSx1bxx5hogVGEfSBSmK8Lfapa2UksO09vHOutUssv_VdjQ,,
,https://www.douyin.com/video/6940559420422212876,,,https://www.douyin.com/user/MS4wLjABAAAABPr7Y5eIRjtLml67n8t9Czibi-HahRTA1U8w4TOG6LE,,
,https://www.douyin.com/video/6940610003367709982,,,https://www.douyin.com/user/MS4wLjABAAAAcHIi3naCjRDFQpX8hfsDMZ788Lz1Ltt5WVKkyR3jZjDX6gZsIYwYYZ9YDYczbTYv,,
,https://www.douyin.com/video/6940813226548464930,,,https://www.douyin.com/user/MS4wLjABAAAAd-C3iRDRYN5jl0BjWgVoLsfzEWFu1qcQCAIjmEdUfek,,
,https://www.douyin.com/video/6942000102605163807,,,https://www.douyin.com/user/MS4wLjABAAAADg-mh4QlobbLrVqOIMrbtKbizvexTCpV_tgzlAejKDw,,
,https://www.douyin.com/video/6942025092096380173,,,https://www.douyin.com/user/MS4wLjABAAAAdHO5U2fIp158_5wwWgt8ZgNkjjLzr8-NhUxmiwx6vOs,,
,https://www.douyin.com/video/6942275190122401060,,,https://www.douyin.com/user/MS4wLjABAAAAdVphQtrQyygUPJdSdDnqHEtk9z8H1LUxF-xwRf4E7jggyGJ5a4G_zMPZj9fPObSP,,
,https://www.douyin.com/video/6942297081549737247,,,https://www.douyin.com/user/MS4wLjABAAAADzED_7zwGxkasSV8xVAmj4r5GLGBgc1ev-fCP9EBiLk,,
,https://www.douyin.com/video/6942429276272659748,,,https://www.douyin.com/user/MS4wLjABAAAAedq3dnbN8GzUNz9UmToZeATQ3Eo-TcZEsCnp55hharU,,
,https://www.douyin.com/video/6942510318450920741,,,https://www.douyin.com/user/MS4wLjABAAAAexwTL4aER0sR6K7ymikQGA8n0CUHctiCUNocSt9T9o0,,
,https://www.douyin.com/video/6942667357777136927,,,https://www.douyin.com/user/MS4wLjABAAAAF7ct2SNrYlBQLrFRLqkItg_PG9EP0yLfd1J_o8POz3hTNeYmBLDfluitMpWgDUnk,,
,https://www.douyin.com/video/6943145024125209892,,,https://www.douyin.com/user/MS4wLjABAAAAfXBxl3CuZRcuqE5kKcVLXAqJ2YRop8_aw5fXNRK6_Txp5VVYCcNgwTfzKbD1E2Rb,,
,https://www.douyin.com/video/6943146349101600008,,,https://www.douyin.com/user/MS4wLjABAAAAg-Vz_BbQOuNcenis2Uq1yyEHDDFnILT3XXnMrgJBcWM,,
,https://www.douyin.com/video/6944314765279890722,,,https://www.douyin.com/user/MS4wLjABAAAAG2WTXAKmFcHxtjd25u56aH72enWfCk_bY9wkP_NS8p6_6w_RNRpL-10JjlDWeOdQ,,
,https://www.douyin.com/video/6944584589314723102,,,https://www.douyin.com/user/MS4wLjABAAAAG81jDeOKSM0-YNGwhYHuW3juG7S_kTBYyM_cPYFu9TzA2V_bktIGrksJo9B6eoRg,,
,https://www.douyin.com/video/6944656240781970725,,,https://www.douyin.com/user/MS4wLjABAAAAgaDqgRwvlyj1wqawsLi4VCskv-d-L4rj6ozTiQ3WsQA,,
,https://www.douyin.com/video/6944706518059191565,,,https://www.douyin.com/user/MS4wLjABAAAAgqYgjXabS2gOelOXIn7IK34XAtX1EgBfnIXQ5mIMkv4,,
,https://www.douyin.com/video/6944968905257504031,,,https://www.douyin.com/user/MS4wLjABAAAAgXSvL61Xl6pLdbupepqigg68ZmwtVC-1lyTndnz_coinhaykXJvaXt9Si1Jq4cam,,
,https://www.douyin.com/video/6945068043152215333,,,https://www.douyin.com/user/MS4wLjABAAAAHcHtxG6I2oN3HGbTNraGz42QJ-bsCGGe0KruucYoeiw,,
,https://www.douyin.com/video/6945279258268880168,,,https://www.douyin.com/user/MS4wLjABAAAAHHquW3_cbnEs4A1l6381-Q-QlMV9Q4IVYqrxOk_LdEHWs7i8zd7B0Q-uwoLhRrSK,,
,https://www.douyin.com/video/6945328902889884935,,,https://www.douyin.com/user/MS4wLjABAAAAhN0AXUPu3gL93Mb3eyWJgLomadpXwkRQaODTv7dhw1M,,
,https://www.douyin.com/video/6945368994538851592,,,https://www.douyin.com/user/MS4wLjABAAAAHO6H29Dmz9fEEabewzeFGTttUbNY0TouKdTXgjsSaNo,,
,https://www.douyin.com/video/6945782344326335784,,,https://www.douyin.com/user/MS4wLjABAAAAhtl1HLne9saAcn6pICMl6J7Kzo0izUm905dxNTvGi6xZcz33PZQB9vun_dfXkOs1,,
,https://www.douyin.com/video/6946398370860780835,,,https://www.douyin.com/user/MS4wLjABAAAAiTZBHkIjC8I8yKls_eFYxRjshE8XZnqln8dBDjH5n5iaXNztFmxlfjqDSU0NiuUC,,
,https://www.douyin.com/video/6947492655173586183,,,https://www.douyin.com/user/MS4wLjABAAAAIvT91AjjEgkWGNs2_PInItRXP3recHkfPEZG7u40BqM,,
,https://www.douyin.com/video/6947619496572046605,,,https://www.douyin.com/user/MS4wLjABAAAAJkH8Qx-jVpl-iSKLjQO8rJ6oorbnphtyUWiNhSNi5aw,,
,https://www.douyin.com/video/6947668558142786853,,,https://www.douyin.com/user/MS4wLjABAAAAJLfMjNZT56ZGifP9rAle8XGocvm7oG1J8UuyZcpD2AU,,
,https://www.douyin.com/video/6948000933037051139,,,https://www.douyin.com/user/MS4wLjABAAAAJo7Y79D_WPf5MhXCwHbRhqXDL4mU6s2SrA5tGh9hysaUQHXosCtiSCJVrcb8KrDm,,
,https://www.douyin.com/video/6948239329957268766,,,https://www.douyin.com/user/MS4wLjABAAAAJu08AqFxJmIom_R9CWKErd0Kp7LSxndBrB4LF0RnHhYWltXdWEBAeV1-XWLitZkO,,
,https://www.douyin.com/video/6949425594555764004,,,https://www.douyin.com/user/MS4wLjABAAAAjUtHOuikVl513iHHwAPZLOKjirTQ2egGW4UHqzSdf_4,,
,https://www.douyin.com/video/6950168944841887007,,,https://www.douyin.com/user/MS4wLjABAAAAKDRwzKSQVqhsr0hylOmURQ60nedPvohr1uyQkUAD-ViTPZsmtFpFAGPzTJTL8lC6,,
,https://www.douyin.com/video/6950568668979891463,,,https://www.douyin.com/user/MS4wLjABAAAAL_RVa1Rgzg-QRokqdV-fcObTLSn_dRaWdRn_6Pybky_YuObG7leGhgBBcp8Rtcpy,,
,https://www.douyin.com/video/6950903212392058149,,,https://www.douyin.com/user/MS4wLjABAAAAlDA1Rp49ETM98Onv0b7JqLUYfNtoM8oFl6MO1QFQDwpT1gNx8R1_5Eyix6RZAtTW,,
,https://www.douyin.com/video/6950923181930712350,,,https://www.douyin.com/user/MS4wLjABAAAALW42ToWH2UCHAzTtcA5uM9UMlHVWcrMXjl4m8629Et5PvbTOG-vJKKW2v2wkrI79,,
,https://www.douyin.com/video/6951292853234486532,,,https://www.douyin.com/user/MS4wLjABAAAAMK64atvoxis0cjFVEph22kqlTsUbXdyuCZzVItVaVOM,,
,https://www.douyin.com/video/6951293782704934175,,,https://www.douyin.com/user/MS4wLjABAAAAmkG_Fb8xrotvy5L4lq6myrKWdBqCTcpqkoJ7VPsBfsw,,
,https://www.douyin.com/video/6951591419735772446,,,https://www.douyin.com/user/MS4wLjABAAAANlpoDJiWezEJ2MwYOBcP-IuUZn9JfS5Mn7I_6RHxH6V67KCR9tT1758R5GQI5woK,,
,https://www.douyin.com/video/6951693751643393295,,,https://www.douyin.com/user/MS4wLjABAAAAnoaJFiNlQOlIq1KS2PKG3NVs1x4dSOdiU8vq-yZakHjMi-nlSoDlghbiQRiOc9Z4,,
,https://www.douyin.com/video/6951702624383028517,,,https://www.douyin.com/user/MS4wLjABAAAAnsr4pH2adUvBi7qpwQyPLTyluA-jdThoLUTHndgsGXrLhkVqiwaXJ0OLwRcRajW0,,
,https://www.douyin.com/video/6952136680874855720,,,https://www.douyin.com/user/MS4wLjABAAAAnwplcfWzv3rMOAIdtCQ_uL9ROAOaHcNpC0vWvJqEEvhMf6eoVJ_pxDUllpi03YUH,,
,https://www.douyin.com/video/6952385879893642503,,,https://www.douyin.com/user/MS4wLjABAAAAobcFfhJDVLMZtCVLOg3v9tx8RyUAhrLziETKooqgSMJZ2UPPwvoYLT0y6nHc89QB,,
,https://www.douyin.com/video/6952470168916217121,,,https://www.douyin.com/user/MS4wLjABAAAAoWlGJFb2T9hlCEz19zdXt0ZpPbmgFCcAu0aw4-ZjG0g,,
,https://www.douyin.com/video/6952701143084535077,,,https://www.douyin.com/user/MS4wLjABAAAApopa2uXraX5N2Ufi2zE6CxLFvRFy74fRMr1IODeqRYxyK3Gy6y1Js9NPnMySsV8F,,
,https://www.douyin.com/video/6953507332911271198,,,https://www.douyin.com/user/MS4wLjABAAAAQ0FQ7uVPJKzy7O4IGMK3c0WgYiMRpPpZhMdaAmnTOoI,,
,https://www.douyin.com/video/6953883621597957384,,,https://www.douyin.com/user/MS4wLjABAAAAQyuHhAhEqDvPcBrXRmhBXSXGP8XncJkEpimHDVPBZw0,,
,https://www.douyin.com/video/6953904053189364992,,,https://www.douyin.com/user/MS4wLjABAAAAQyWvTLs57NdlCSjGIlG4H22nJM-9_l9rrE_C4tzAYUUh_yqe5xUL7khTKK4QSkKX,,
,https://www.douyin.com/video/6953913753725406504,,,https://www.douyin.com/user/MS4wLjABAAAAr6CcXaCWM5quAG7RvSyM6zC4LKin3ryAgWKUViBZYFlQ0eqtnmGjUYA7V0QqNDpo,,
,https://www.douyin.com/video/6953941110997798181,,,https://www.douyin.com/user/MS4wLjABAAAARlKjtEsKUbtV7FZqYNgwKEHlTlFxrgia2myMmqPaJ3U,,
,https://www.douyin.com/video/6954250050167901470,,,https://www.douyin.com/user/MS4wLjABAAAArUEFxr0B73uuUIBsHLmkJx1lEtIFxTiGdbXpaknPzxU,,
,https://www.douyin.com/video/6954400756355157252,,,https://www.douyin.com/user/MS4wLjABAAAAruQ5JHvHn9CXhG8s8SaZ9W7-OlqvADjZ9-pXYP8jYHo,,
,https://www.douyin.com/video/6954941601319832846,,,https://www.douyin.com/user/MS4wLjABAAAAsiI2hwQ9QB7m4HGHsPppIvxO1ohmue77bBVH2IpxaAI,,
,https://www.douyin.com/video/6955341505913490696,,,https://www.douyin.com/user/MS4wLjABAAAASjGl9jFsJ_5OE93cqZIzjItmAUVwwm4dENZDF2N7ZOs,,
,https://www.douyin.com/video/6955714476503092518,,,https://www.douyin.com/user/MS4wLjABAAAAT6joC11K43cfgB4Ga_pXm6vRgDP59TFaP_Q87O36VmAAyRIF4_KY31df-7Ui66dh,,
,https://www.douyin.com/video/6955727129510169887,,,https://www.douyin.com/user/MS4wLjABAAAATFMXTtrxxtQXpDfUBN4dq1g9pZjUyknDDABLvJjkOBaceZiiH5WpMFsyKLFF_jgR,,
,https://www.douyin.com/video/6956107542044953892,,,https://www.douyin.com/user/MS4wLjABAAAATg9ianDG5je7S56Rm7VaGjYi7DfyJWYbQ5BRRrqZOEs,,
,https://www.douyin.com/video/6956107724245503245,,,https://www.douyin.com/user/MS4wLjABAAAAuH-NYcMSduwj5fCzHR2f60xoqLpJoERlfkkqwep8A4sAf2kqOA26IAUoqw_IjSAP,,
,https://www.douyin.com/video/6956107913953873159,,,https://www.douyin.com/user/MS4wLjABAAAAuqxxndkFpa7cbJdR6C61PTEDLKJ5MZXSw_vSsLzQEoZsrSxIFN3LTTMadmQM7Jyp,,
,https://www.douyin.com/video/6956108068396584199,,,https://www.douyin.com/user/MS4wLjABAAAAUUfuPVyXDc3jyv8mRV5u0yosSNMUaPs2HW8pT3kUkEs,,
,https://www.douyin.com/video/6956108526494190878,,,https://www.douyin.com/user/MS4wLjABAAAAV2JiN3GDFHH4PCS7TZ89Zd3uBw2cRg1WEeQJHXgQEahZEs82u7NvVZl8AV_K_Cjp,,
,https://www.douyin.com/video/6956485830839897375,,,https://www.douyin.com/user/MS4wLjABAAAAV6wJIwcnWNqwAwIIPX3MjDzGdeS8ZoOY-dATNVoDIrQ,,
,https://www.douyin.com/video/6956527074383285511,,,https://www.douyin.com/user/MS4wLjABAAAAv82NCJ7yPTFPnCiu_eeGnLa_weTYBNujfDQYpKrntJ7Sdu-ed79t01uGIOKvyMIr,,
,https://www.douyin.com/video/6956771408613526791,,,https://www.douyin.com/user/MS4wLjABAAAAvIVOU6FbMFLQ1RkmbyeAYKP72EmiOaKCE3W4EMbR0q0EnLqO_FsrvL8UNLe01qTw,,
,https://www.douyin.com/video/6956849810519379214,,,https://www.douyin.com/user/MS4wLjABAAAAVt7RVHRzpTUjT92DlkVlkPzE4T4QX3WX32QdlHJpxVNgBOPmfn1ypzXnf7i2mKGr,,
,https://www.douyin.com/video/6956873267890244871,,,https://www.douyin.com/user/MS4wLjABAAAAVtBFUBxicGrJZViY7b76LboFuP5gkHFrQmxVL00HxGo,,
,https://www.douyin.com/video/6957195796940868895,,,https://www.douyin.com/user/MS4wLjABAAAAvwIoSL_0w5LLMsWoKpnoql7w9KdnxZIXluT_D2sHiTc,,
,https://www.douyin.com/video/6957263026496048421,,,https://www.douyin.com/user/MS4wLjABAAAAW_a6t271URYexOCG-dOIRbGb7Fb6PzAbj-WoXFB0ZpcrH6uVBmKYvOWYrGtVKLMb,,
,https://www.douyin.com/video/6958386547334860068,,,https://www.douyin.com/user/MS4wLjABAAAAwBrCkUi0X6dCN1U6986OsWgTQ4pcwCIzDQy64jp2T8I,,
,https://www.douyin.com/video/6958400200624950561,,,https://www.douyin.com/user/MS4wLjABAAAAwg24Hz_08g_-5w78MWUGrRTGdsSFxOpwzaqhRDVkirCbBhnd15tqPUrSvb4V1WBD,,
,https://www.douyin.com/video/6958755809312476447,,,https://www.douyin.com/user/MS4wLjABAAAAWJrXqbHo1qCxjrMOhyrZkvjhAXRb5sK_XjfeRj5Yg-H6ZXGVs2_pXsqVr5tj5f8W,,
,https://www.douyin.com/video/6959369178096700686,,,https://www.douyin.com/user/MS4wLjABAAAAWsYvexBjP2LZq7iCoUAt5HhQnVDDXvu7fdKcMC_UNwk,,
,https://www.douyin.com/video/6959489091738111240,,,https://www.douyin.com/user/MS4wLjABAAAAwxD8sTnAyDZWrCpiTAGp5C7VAxX-P2bYGKcOUaTcpuQ,,
,https://www.douyin.com/video/6959807564892654862,,,https://www.douyin.com/user/MS4wLjABAAAAxgwdgTERFqYEWGrDf2H4GRw9AjqROI9_qE5ZefBGUvc,,
,https://www.douyin.com/video/6959860044724849934,,,https://www.douyin.com/user/MS4wLjABAAAAXz_ktu7Lp84dMlnyYeLek-nInUAcynlmiPO92ku3ap8HkTvdIQ43UDNpQi5F0jFi,,
,https://www.douyin.com/video/6959871223786441999,,,https://www.douyin.com/user/MS4wLjABAAAAy80cYbWrOMUY4g8w0_WfZo7F2Ts3ozaIlkj4kcu9DO-bWV0ZpN9PvJuv2AxF6A0j,,
,https://www.douyin.com/video/6960168904203291912,,,https://www.douyin.com/user/MS4wLjABAAAAYvPthipKYWooKqDrGl4iGZqvOBq7Xwb5z0q1GFGFvD8,,
,https://www.douyin.com/video/6960539219609586958,,,https://www.douyin.com/user/MS4wLjABAAAAzfnvsr5B4uZeePs1J4WwoIFMlbpBul04fqgLls_dV_k,,
,https://www.douyin.com/video/6960947508897926408,,,https://www.douyin.com/user/MS4wLjABAAAAZoECGj6h3xtjFIOfwkkyd-feTps2c_K9HIjOuw_urpSlnBq9IIXNxFqz4HViMri8,,
,https://www.douyin.com/video/6960950657171885346,,,https://www.douyin.com/user/MS4wLjABAAAAZZZWDEVGEHxTMUjqap9KFBno62rvlzbESbtIHnBSUcmFp4nHr9zz6uPaShGfQa7l,,
,https://www.douyin.com/video/6960995145454046478,,,https://www.douyin.com/user/MS4wLjABAAAA__jvt5V-49Jgg5Zjyw1pbjXyR0-f-pVfTlqNzIz97QU,,
,https://www.douyin.com/video/6961294754906705188,,,,,
,https://www.douyin.com/video/6961664892021525790,,,,,
,https://www.douyin.com/video/6961973920752733452,,,,,
,https://www.douyin.com/video/6962775593045871879,,,,,
,https://www.douyin.com/video/6963886344024214814,,,,,
,https://www.douyin.com/video/6963950722547191048,,,,,
,https://www.douyin.com/video/6964629812883344671,,,,,
,https://www.douyin.com/video/6964996089132961054,,,,,
,https://www.douyin.com/video/6965404079656946980,,,,,
,https://www.douyin.com/video/6965753637834378526,,,,,
,https://www.douyin.com/video/6965783502654590243,,,,,
,https://www.douyin.com/video/6965815246493666574,,,,,
,https://www.douyin.com/video/6966516036984114432,,,,,
,https://www.douyin.com/video/6966590851967470884,,,,,
,https://www.douyin.com/video/6966904361989508391,,,,,
,https://www.douyin.com/video/6967297981733276958,,,,,
,https://www.douyin.com/video/6967927259843792164,,,,,
,https://www.douyin.com/video/6968055325970812201,,,,,
,https://www.douyin.com/video/6968382712897899779,,,,,
,https://www.douyin.com/video/6968768330714860831,,,,,
,https://www.douyin.com/video/6969390462213934344,,,,,
,https://www.douyin.com/video/6970241337379540255,,,,,
,https://www.douyin.com/video/6970480125221588261,,,,,
,https://www.douyin.com/video/6971045583159086377,,,,,
,https://www.douyin.com/video/6971307791130594567,,,,,
,https://www.douyin.com/video/6971610567291292940,,,,,
,https://www.douyin.com/video/6972051552227872035,,,,,
,https://www.douyin.com/video/6972051817463172382,,,,,
,https://www.douyin.com/video/6972058175876975883,,,,,
,https://www.douyin.com/video/6973146535303466274,,,,,
,https://www.douyin.com/video/6973212043574775079,,,,,
,https://www.douyin.com/video/6973471524946791693,,,,,
,https://www.douyin.com/video/6973840460993334564,,,,,
,https://www.douyin.com/video/6974683726865239309,,,,,
,https://www.douyin.com/video/6974700474104679717,,,,,
,https://www.douyin.com/video/6974957298254957860,,,,,
,https://www.douyin.com/video/6974993177568644365,,,,,
,https://www.douyin.com/video/6975385020487716127,,,,,
,https://www.douyin.com/video/6975443823027555597,,,,,
,https://www.douyin.com/video/6976279313943498020,,,,,
,https://www.douyin.com/video/6976440537943461156,,,,,
,https://www.douyin.com/video/6976527799528033572,,,,,
,https://www.douyin.com/video/6976774408438287652,,,,,
,https://www.douyin.com/video/6976942177381305631,,,,,
,https://www.douyin.com/video/6977130861045075208,,,,,
,https://www.douyin.com/video/6977313561794071845,,,,,
,https://www.douyin.com/video/6977560669717597471,,,,,
,https://www.douyin.com/video/6977564601206476045,,,,,
,https://www.douyin.com/video/6977662406910594340,,,,,
,https://www.douyin.com/video/6978005308866104583,,,,,
,https://www.douyin.com/video/6978010538596994341,,,,,
,https://www.douyin.com/video/6978402462021471525,,,,,
,https://www.douyin.com/video/6978403606827453704,,,,,
,https://www.douyin.com/video/6978409310070115599,,,,,
,https://www.douyin.com/video/6978674597319298336,,,,,
,https://www.douyin.com/video/6978689722470190367,,,,,
,https://www.douyin.com/video/6978760913335766275,,,,,
,https://www.douyin.com/video/6978811969193200926,,,,,
,https://www.douyin.com/video/6979126582321466660,,,,,
,https://www.douyin.com/video/6979505993298234637,,,,,
,https://www.douyin.com/video/6979539163913702686,,,,,
,https://www.douyin.com/video/6979796252007419136,,,,,
,https://www.douyin.com/video/6979869036855217446,,,,,
,https://www.douyin.com/video/6979898605855378695,,,,,
,https://www.douyin.com/video/6980229367288909096,,,,,
,https://www.douyin.com/video/6980231042619854087,,,,,
,https://www.douyin.com/video/6980284081065954591,,,,,
,https://www.douyin.com/video/6980293655747759397,,,,,
,https://www.douyin.com/video/6980637896910966028,,,,,
,https://www.douyin.com/video/6980655072661228814,,,,,
,https://www.douyin.com/video/6980881953377586462,,,,,
,https://www.douyin.com/video/6980897998477724941,,,,,
,https://www.douyin.com/video/6981368553576336676,,,,,
,https://www.douyin.com/video/6981427205347872013,,,,,
,https://www.douyin.com/video/6981739164777631006,,,,,
,https://www.douyin.com/video/6981787252707822852,,,,,
,https://www.douyin.com/video/6981994230243708167,,,,,
,https://www.douyin.com/video/6982020321406700807,,,,,
,https://www.douyin.com/video/6982022486204501261,,,,,
,https://www.douyin.com/video/6982031113367702792,,,,,
,https://www.douyin.com/video/6982110251944365319,,,,,
,https://www.douyin.com/video/6982470767514488095,,,,,
,https://www.douyin.com/video/6982489536987139364,,,,,
,https://www.douyin.com/video/6982740538730548517,,,,,
,https://www.douyin.com/video/6982802577385671949,,,,,
,https://www.douyin.com/video/6982818152820346125,,,,,
,https://www.douyin.com/video/6983218005329136909,,,,,
,https://www.douyin.com/video/6983290509548670238,,,,,
,https://www.douyin.com/video/6983422723053669663,,,,,
,https://www.douyin.com/video/6983861817902730531,,,,,
,https://www.douyin.com/video/6983862992039398667,,,,,
,https://www.douyin.com/video/6983985983079369998,,,,,
,https://www.douyin.com/video/6984242083401911588,,,,,
,https://www.douyin.com/video/6984628219152485645,,,,,
,https://www.douyin.com/video/6984677154948648206,,,,,
,https://www.douyin.com/video/6984691591688588578,,,,,
,https://www.douyin.com/video/6985446035330010409,,,,,
,https://www.douyin.com/video/6985489190582521096,,,,,
,https://www.douyin.com/video/6985755149939592488,,,,,
,https://www.douyin.com/video/6985805879547301128,,,,,
,https://www.douyin.com/video/6985820324818423053,,,,,
,https://www.douyin.com/video/6986094828211752192,,,,,
,https://www.douyin.com/video/6986217217373244712,,,,,
,https://www.douyin.com/video/6986555911456312606,,,,,
,https://www.douyin.com/video/6986562224764636446,,,,,
,https://www.douyin.com/video/6986917033963162917,,,,,
,https://www.douyin.com/video/6987247213915180326,,,,,
,https://www.douyin.com/video/6987282705331326211,,,,,
,https://www.douyin.com/video/6987288279875980556,,,,,
,https://www.douyin.com/video/6987578742432419086,,,,,
,https://www.douyin.com/video/6987611301493230855,,,,,
,https://www.douyin.com/video/6987683000364403981,,,,,
,https://www.douyin.com/video/6987744803920383244,,,,,
,https://www.douyin.com/video/6988001043120442660,,,,,
,https://www.douyin.com/video/6988328748256972062,,,,,
,https://www.douyin.com/video/6988330174551018756,,,,,
,https://www.douyin.com/video/6989091199176936711,,,,,
,https://www.douyin.com/video/6989135182313884960,,,,,
,https://www.douyin.com/video/6989175861975043365,,,,,
,https://www.douyin.com/video/6989219788769742087,,,,,
,https://www.douyin.com/video/6989564719673675046,,,,,
,https://www.douyin.com/video/6989796140531191076,,,,,
,https://www.douyin.com/video/6989855576100457762,,,,,
,https://www.douyin.com/video/6990265467382271245,,,,,
,https://www.douyin.com/video/6990509314037353759,,,,,
,https://www.douyin.com/video/6990894642183081229,,,,,
,https://www.douyin.com/video/6991104143255407879,,,,,
,https://www.douyin.com/video/6991372536269245709,,,,,
,https://www.douyin.com/video/6991669457722608908,,,,,
,https://www.douyin.com/video/6991673176228941063,,,,,
,https://www.douyin.com/video/6991693512420953352,,,,,
,https://www.douyin.com/video/6991766461236727070,,,,,
,https://www.douyin.com/video/6992123726645005598,,,,,
,https://www.douyin.com/video/6992153388951620872,,,,,
,https://www.douyin.com/video/6992451357793914148,,,,,
,https://www.douyin.com/video/6992727143578914056,,,,,
,https://www.douyin.com/video/6992838405637885220,,,,,
,https://www.douyin.com/video/6992872935245565218,,,,,
,https://www.douyin.com/video/6993201033015020814,,,,,
,https://www.douyin.com/video/6993217851628719374,,,,,
,https://www.douyin.com/video/6993310619587890447,,,,,
,https://www.douyin.com/video/6993636999584288035,,,,,
,https://www.douyin.com/video/6993891372168236288,,,,,
,https://www.douyin.com/video/6993985456446721320,,,,,
,https://www.douyin.com/video/6994236948818824479,,,,,
,https://www.douyin.com/video/6994363206063967503,,,,,
,https://www.douyin.com/video/6994642032543206693,,,,,
,https://www.douyin.com/video/6994710708583730466,,,,,
,https://www.douyin.com/video/6994712689868148001,,,,,
,https://www.douyin.com/video/6994713183248190727,,,,,
,https://www.douyin.com/video/6994738087871909151,,,,,
,https://www.douyin.com/video/6994759246080445727,,,,,
,https://www.douyin.com/video/6995162735302544655,,,,,
,https://www.douyin.com/video/6995434982340644127,,,,,
,https://www.douyin.com/video/6995747982893272357,,,,,
,https://www.douyin.com/video/6995805625355701540,,,,,
,https://www.douyin.com/video/6995824781664767263,,,,,
,https://www.douyin.com/video/6995830568134970631,,,,,
,https://www.douyin.com/video/6996115307840523520,,,,,
,https://www.douyin.com/video/6996235803106053411,,,,,
,https://www.douyin.com/video/6996246507775134983,,,,,
,https://www.douyin.com/video/6996589493734133000,,,,,
,https://www.douyin.com/video/6996623877350739239,,,,,
,https://www.douyin.com/video/6996960951308225823,,,,,
,https://www.douyin.com/video/6997202026660728101,,,,,
,https://www.douyin.com/video/6997220758963359006,,,,,
,https://www.douyin.com/video/6997313289097088269,,,,,
,https://www.douyin.com/video/6997350386692656420,,,,,
,https://www.douyin.com/video/6997372125745024292,,,,,
,https://www.douyin.com/video/6997381870426148136,,,,,
,https://www.douyin.com/video/6997667498338389252,,,,,
,https://www.douyin.com/video/6997718177987808512,,,,,
,https://www.douyin.com/video/6997776499680038183,,,,,
,https://www.douyin.com/video/6997942858837675267,,,,,
,https://www.douyin.com/video/6998039289506417927,,,,,
,https://www.douyin.com/video/6998058489109105956,,,,,
,https://www.douyin.com/video/6998079844890266911,,,,,
,https://www.douyin.com/video/6998111189859388713,,,,,
,https://www.douyin.com/video/6998414550961884446,,,,,
,https://www.douyin.com/video/6998457974641462535,,,,,
,https://www.douyin.com/video/6998719392175443204,,,,,
,https://www.douyin.com/video/6999073395933531423,,,,,
,https://www.douyin.com/video/6999116055406759207,,,,,
,https://www.douyin.com/video/6999544348949974280,,,,,
,https://www.douyin.com/video/6999889940188351757,,,,,
,https://www.douyin.com/video/6999893504872729893,,,,,
,https://www.douyin.com/video/6999913887034248459,,,,,
,https://www.douyin.com/video/7000245262774062372,,,,,
,https://www.douyin.com/video/7000271410660773150,,,,,
,https://www.douyin.com/video/7000343222438382879,,,,,
,https://www.douyin.com/video/7000606408735509774,,,,,
,https://www.douyin.com/video/7000678763616881935,,,,,
,https://www.douyin.com/video/7000896000424529190,,,,,
,https://www.douyin.com/video/7000948086247869696,,,,,
,https://www.douyin.com/video/7000979965579644167,,,,,
,https://www.douyin.com/video/7000995072204344613,,,,,
,https://www.douyin.com/video/7001005310118776101,,,,,
,https://www.douyin.com/video/7001042341087710498,,,,,
,https://www.douyin.com/video/7001366568185629965,,,,,
,https://www.douyin.com/video/7001375882979872037,,,,,
,https://www.douyin.com/video/7001377391822032142,,,,,
,https://www.douyin.com/video/7001412031568006435,,,,,
,https://www.douyin.com/video/7001703092496370974,,,,,
,https://www.douyin.com/video/7001715017892597028,,,,,
,https://www.douyin.com/video/7001776581035314447,,,,,
,https://www.douyin.com/video/7002108014555680032,,,,,
,https://www.douyin.com/video/7002143627556277511,,,,,
,https://www.douyin.com/video/7002416018245094671,,,,,
,https://www.douyin.com/video/7002511558697946375,,,,,
,https://www.douyin.com/video/7002522211013758215,,,,,
,https://www.douyin.com/video/7002810245143612711,,,,,
,https://www.douyin.com/video/7002897464802037027,,,,,
,https://www.douyin.com/video/7002935345507601677,,,,,
,https://www.douyin.com/video/7002939190182808873,,,,,
,https://www.douyin.com/video/7003148982918597924,,,,,
,https://www.douyin.com/video/7003515394233306404,,,,,
,https://www.douyin.com/video/7003523776432344328,,,,,
,https://www.douyin.com/video/7003563401943223592,,,,,
,https://www.douyin.com/video/7003604798880681253,,,,,
,https://www.douyin.com/video/7003624519634062599,,,,,
,https://www.douyin.com/video/7003644955663158558,,,,,
,https://www.douyin.com/video/7003972854257585438,,,,,
,https://www.douyin.com/video/7003989351336086799,,,,,
,https://www.douyin.com/video/7004364875191389477,,,,,
,https://www.douyin.com/video/7004470100916997413,,,,,
,https://www.douyin.com/video/7004638671286619407,,,,,
,https://www.douyin.com/video/7005006323976867108,,,,,
,https://www.douyin.com/video/7005111383406693647,,,,,
,https://www.douyin.com/video/7005401238569323807,,,,,
,https://www.douyin.com/video/7005468630624390414,,,,,
,https://www.douyin.com/video/7005475332530769191,,,,,
,https://www.douyin.com/video/7005551820231675166,,,,,
,https://www.douyin.com/video/7005579945728576809,,,,,
,https://www.douyin.com/video/7005776562939383054,,,,,
,https://www.douyin.com/video/7005834097750822144,,,,,
,https://www.douyin.com/video/7006208176425094431,,,,,
,https://www.douyin.com/video/7006214831145536802,,,,,
,https://www.douyin.com/video/7006275836361854215,,,,,
,https://www.douyin.com/video/7006948474390400259,,,,,
,https://www.douyin.com/video/7007680519085296937,,,,,
,https://www.douyin.com/video/7008059193206803752,,,,,
,https://www.douyin.com/video/7008092745822784775,,,,,
,https://www.douyin.com/video/7008193457789455657,,,,,
,https://www.douyin.com/video/7008263390699228427,,,,,
,https://www.douyin.com/video/7008463911984844070,,,,,
,https://www.douyin.com/video/7008662079607475459,,,,,
,https://www.douyin.com/video/7009183323931151652,,,,,
,https://www.douyin.com/video/7009217353653177607,,,,,
,https://www.douyin.com/video/7009550972758281508,,,,,
,https://www.douyin.com/video/7009608257593412903,,,,,
,https://www.douyin.com/video/7009639912446135567,,,,,
,https://www.douyin.com/video/7009655099953876264,,,,,
,https://www.douyin.com/video/7009693497586421005,,,,,
,https://www.douyin.com/video/7010308470184381730,,,,,
,https://www.douyin.com/video/7010574112951110948,,,,,
,https://www.douyin.com/video/7010683368744537380,,,,,
,https://www.douyin.com/video/7011107536501886220,,,,,
,https://www.douyin.com/video/7011140075362766110,,,,,
,https://www.douyin.com/video/7011500883489983782,,,,,
,https://www.douyin.com/video/7012129526578826509,,,,,
,https://www.douyin.com/video/7012153266914069773,,,,,
,https://www.douyin.com/video/7012487618868923679,,,,,
,https://www.douyin.com/video/7012899455531896105,,,,,
,https://www.douyin.com/video/7013568526300531975,,,,,
,https://www.douyin.com/video/7013571783441845517,,,,,
,https://www.douyin.com/video/7013615535652932901,,,,,
,https://www.douyin.com/video/7013624635832995103,,,,,
,https://www.douyin.com/video/7014074386634296613,,,,,
,https://www.douyin.com/video/7014663122610965794,,,,,
,https://www.douyin.com/video/7015146943907171597,,,,,
,https://www.douyin.com/video/7015310256439872771,,,,,
,https://www.douyin.com/video/7015361148837006623,,,,,
,https://www.douyin.com/video/7015514982913740040,,,,,
,https://www.douyin.com/video/7015695535906540841,,,,,
,https://www.douyin.com/video/7015838458098797838,,,,,
,https://www.douyin.com/video/7016501865856666887,,,,,
,https://www.douyin.com/video/7016615613548236064,,,,,
,https://www.douyin.com/video/7016657262630554887,,,,,
,https://www.douyin.com/video/7016660512180112677,,,,,
,https://www.douyin.com/video/7016972611250933029,,,,,
,https://www.douyin.com/video/7017234615798598953,,,,,
,https://www.douyin.com/video/7017320083986910502,,,,,
,https://www.douyin.com/video/7017666206241000734,,,,,
,https://www.douyin.com/video/7017720473312152845,,,,,
,https://www.douyin.com/video/7017740517765156104,,,,,
,https://www.douyin.com/video/7018046118038605095,,,,,
,https://www.douyin.com/video/7018088822063828239,,,,,
,https://www.douyin.com/video/7018091753244806407,,,,,
,https://www.douyin.com/video/7018123394914766110,,,,,
,https://www.douyin.com/video/7018146130429037828,,,,,
,https://www.douyin.com/video/7018472612011527464,,,,,
,https://www.douyin.com/video/7018491036590787853,,,,,
,https://www.douyin.com/video/7018565233996238112,,,,,
,https://www.douyin.com/video/7018738849224330503,,,,,
,https://www.douyin.com/video/7018761987865758989,,,,,
,https://www.douyin.com/video/7018932375547546891,,,,,
,https://www.douyin.com/video/7019217654573534477,,,,,
,https://www.douyin.com/video/7019234097386016030,,,,,
,https://www.douyin.com/video/7019944468795182373,,,,,
,https://www.douyin.com/video/7020401639718702372,,,,,
,https://www.douyin.com/video/7020596612745530660,,,,,
,https://www.douyin.com/video/7020767744828263720,,,,,
,https://www.douyin.com/video/7021335945051917581,,,,,
,https://www.douyin.com/video/7021336035074280712,,,,,
,https://www.douyin.com/video/7021336103747669278,,,,,
,https://www.douyin.com/video/7021693011964726563,,,,,
,https://www.douyin.com/video/7021730813767093541,,,,,
,https://www.douyin.com/video/7022192143607270686,,,,,
,https://www.douyin.com/video/7022434780406942983,,,,,
,https://www.douyin.com/video/7022828971393813768,,,,,
,https://www.douyin.com/video/7024389044377275655,,,,,
,https://www.douyin.com/video/7024418156529650985,,,,,
,https://www.douyin.com/video/7024710697531608324,,,,,
,https://www.douyin.com/video/7024806366669835550,,,,,
,https://www.douyin.com/video/7026249504105958690,,,,,
,https://www.douyin.com/video/7026600725522222367,,,,,
,https://www.douyin.com/video/7027022545710828807,,,,,
,https://www.douyin.com/video/7027269895113035015,,,,,
,https://www.douyin.com/video/7027946383609040135,,,,,
,https://www.douyin.com/video/7028872652479532295,,,,,
,https://www.douyin.com/video/7028876111379500324,,,,,
,https://www.douyin.com/video/7029222269796830497,,,,,
,https://www.douyin.com/video/7029262977823968519,,,,,
,https://www.douyin.com/video/6931543670638333197,,,,,
,https://www.douyin.com/video/6968343653924277539,,,,,
,https://www.douyin.com/video/6991760219500023047,,,,,
