https://www.douyin.com/video/6939366772634176800,"<source class="""""""" src=""""//v26-web.douyinvod.com/472763b194c526e770b862cb37e560c5/61f92651/video/tos/cn/tos-cn-ve-15/523c17bea42a4555b463bdeb417296dd/?a=6383&amp;br=1061&amp;bt=1061&amp;cd=0%7C0%7C0%7C0&amp;ch=26&amp;cr=0&amp;cs=0&amp;cv=1&amp;dr=0&amp;ds=3&amp;er=&amp;ft=VgcwUVIIL7ThWHaiKIAGZ&amp;l=021643545360133fdbddc0100fff0030ac3224e00000014527fb6&amp;lr=all&amp;mime_type=video_mp4&amp;net=0&amp;pl=0&amp;qs=0&amp;rc=M3VzazlvaHhzNDMzNmkzM0ApZzppOTw7ZDs6N2g0Njk0NmcwMjRfMnBhMjNgLS0xLTBzczU1XjRgLS41Xy9jNS4vYi46Yw%3D%3D&amp;vl=&amp;vr="""" type=""""""""><source class="""""""" src=""""//v3-web.douyinvod.com/1c440f55fc6e3afbbd91dd7b2d7941b1/61f92651/video/tos/cn/tos-cn-ve-15/523c17bea42a4555b463bdeb417296dd/?a=6383&amp;br=1061&amp;bt=1061&amp;cd=0%7C0%7C0%7C0&amp;ch=26&amp;cr=0&amp;cs=0&amp;cv=1&amp;dr=0&amp;ds=3&amp;er=&amp;ft=VgcwUVIIL7ThWHaiKIAGZ&amp;l=021643545360133fdbddc0100fff0030ac3224e00000014527fb6&amp;lr=all&amp;mime_type=video_mp4&amp;net=0&amp;pl=0&amp;qs=0&amp;rc=M3VzazlvaHhzNDMzNmkzM0ApZzppOTw7ZDs6N2g0Njk0NmcwMjRfMnBhMjNgLS0xLTBzczU1XjRgLS41Xy9jNS4vYi46Yw%3D%3D&amp;vl=&amp;vr="""" type=""""""""><source class="""""""" src=""""//v26-web.douyinvod.com/472763b194c526e770b862cb37e560c5/61f92651/video/tos/cn/tos-cn-ve-15/523c17bea42a4555b463bdeb417296dd/?a=6383&amp;br=1061&amp;bt=1061&amp;cd=0%7C0%7C0%7C0&amp;ch=26&amp;cr=0&amp;cs=0&amp;cv=1&amp;dr=0&amp;ds=3&amp;er=&amp;ft=VgcwUVIIL7ThWHaiKIAGZ&amp;l=021643545360133fdbddc0100fff0030ac3224e00000014527fb6&amp;lr=all&amp;mime_type=video_mp4&amp;net=0&amp;pl=0&amp;qs=0&amp;rc=M3VzazlvaHhzNDMzNmkzM0ApZzppOTw7ZDs6N2g0Njk0NmcwMjRfMnBhMjNgLS0xLTBzczU1XjRgLS41Xy9jNS4vYi46Yw%3D%3D&amp;vl=&amp;vr="""" type=""""""""><source class="""""""" src=""""//www.douyin.com/aweme/v1/play/?aid=6383&amp;app_name=aweme&amp;channel=channel_pc_web&amp;device_platform=web&amp;did=0&amp;file_id=311e623118ef427b88a1809c67fa78d8&amp;fp=&amp;is_play_url=1&amp;line=0&amp;referer=&amp;sign=dd261cccde095e5c16465d950f1bfaec&amp;source=PackSourceEnum_AWEME_DETAIL&amp;target=6939366772634176800&amp;user_agent=Mozilla%2F5.0%20%28Windows%20NT%2010.0%3B%20Win64%3B%20x64%29%20AppleWebKit%2F537.36%20%28KHTML%2C%20like%20Gecko%29%20Chrome%2F76.0.3790.0%20Safari%2F537.36&amp;video_id=v0300f430000c16p5udesl56bh7p5r30&amp;webid=7058973504448874015"""" type="""""""">"""""""""
https://www.douyin.com/video/6981771405650169102,"<source class="""""""" src=""""//v26-web.douyinvod.com/eca2f64dd696a439ef511865397f3f79/61f91f50/video/tos/cn/tos-cn-ve-15/811a08e899ce477e8d8bd238d97da1bb/?a=6383&amp;br=393&amp;bt=393&amp;cd=0%7C0%7C0%7C0&amp;ch=26&amp;cr=0&amp;cs=0&amp;cv=1&amp;dr=0&amp;ds=3&amp;er=&amp;ft=VgcwUVIIL7ThWHjTOIAGZ&amp;l=021643543434141fdbddc0300fff0010a85685d0000004bab1717&amp;lr=all&amp;mime_type=video_mp4&amp;net=0&amp;pl=0&amp;qs=0&amp;rc=M3U2Omc6ZmQ2NjMzNGkzM0ApZjM5Ojc8NGRmN2ZlZzMzOmdjYmltcjQwa2ZgLS1kLS9zczAvLTAwNGFeXjAwNDNjMWM6Yw%3D%3D&amp;vl=&amp;vr="""" type=""""""""><source class="""""""" src=""""//v3-web.douyinvod.com/b6d7ff2d1f6fd5be75b2e41d412ff79e/61f91f50/video/tos/cn/tos-cn-ve-15/811a08e899ce477e8d8bd238d97da1bb/?a=6383&amp;br=393&amp;bt=393&amp;cd=0%7C0%7C0%7C0&amp;ch=26&amp;cr=0&amp;cs=0&amp;cv=1&amp;dr=0&amp;ds=3&amp;er=&amp;ft=VgcwUVIIL7ThWHjTOIAGZ&amp;l=021643543434141fdbddc0300fff0010a85685d0000004bab1717&amp;lr=all&amp;mime_type=video_mp4&amp;net=0&amp;pl=0&amp;qs=0&amp;rc=M3U2Omc6ZmQ2NjMzNGkzM0ApZjM5Ojc8NGRmN2ZlZzMzOmdjYmltcjQwa2ZgLS1kLS9zczAvLTAwNGFeXjAwNDNjMWM6Yw%3D%3D&amp;vl=&amp;vr="""" type=""""""""><source class="""""""" src=""""//v26-web.douyinvod.com/eca2f64dd696a439ef511865397f3f79/61f91f50/video/tos/cn/tos-cn-ve-15/811a08e899ce477e8d8bd238d97da1bb/?a=6383&amp;br=393&amp;bt=393&amp;cd=0%7C0%7C0%7C0&amp;ch=26&amp;cr=0&amp;cs=0&amp;cv=1&amp;dr=0&amp;ds=3&amp;er=&amp;ft=VgcwUVIIL7ThWHjTOIAGZ&amp;l=021643543434141fdbddc0300fff0010a85685d0000004bab1717&amp;lr=all&amp;mime_type=video_mp4&amp;net=0&amp;pl=0&amp;qs=0&amp;rc=M3U2Omc6ZmQ2NjMzNGkzM0ApZjM5Ojc8NGRmN2ZlZzMzOmdjYmltcjQwa2ZgLS1kLS9zczAvLTAwNGFeXjAwNDNjMWM6Yw%3D%3D&amp;vl=&amp;vr="""" type=""""""""><source class="""""""" src=""""//www.douyin.com/aweme/v1/play/?aid=6383&amp;app_name=aweme&amp;channel=channel_pc_web&amp;device_platform=web&amp;did=0&amp;file_id=7f040fd6b7c343caaa1d9743736002c3&amp;fp=&amp;is_play_url=1&amp;line=0&amp;referer=https%3A%2F%2Fwww.douyin.com%2Fvideo%2F6981771405650169102&amp;sign=48c893e965f4797c3f0e9e1811bfdbdf&amp;source=PackSourceEnum_AWEME_DETAIL&amp;target=6981771405650169102&amp;user_agent=Mozilla%2F5.0%20%28Windows%20NT%2010.0%3B%20Win64%3B%20x64%29%20AppleWebKit%2F537.36%20%28KHTML%2C%20like%20Gecko%29%20Chrome%2F76.0.3790.0%20Safari%2F537.36&amp;video_id=v0200fg10000c3i3na3c77udp7l3erf0&amp;webid=7058965230815397391"""" type="""""""">"""""""""
https://www.douyin.com/video/6984684993838697742,"<source class="""""""" src=""""//v26-web.douyinvod.com/c00b60afeffda89e50289cd297e763d6/61fe06d6/video/tos/cn/tos-cn-ve-15/ff311f20a6b04e2ea8f6f8ade713a663/?a=6383&amp;br=281&amp;bt=281&amp;cd=0%7C0%7C0%7C0&amp;ch=26&amp;cr=0&amp;cs=0&amp;cv=1&amp;dr=0&amp;ds=1&amp;er=&amp;ft=VgcwUVIIL7ThWH8M_~AGZ&amp;l=021643864997866fdbddc0300fff0010a81d88700001adf9a2bf7&amp;lr=all&amp;mime_type=video_mp4&amp;net=0&amp;pl=0&amp;qs=0&amp;rc=amZxNzU6ZnE8NjMzNGkzM0ApNzo0OWUzODtkN2U2Zzs2NmdiYDBucjRfM2tgLS1kLS9zc2M0YGE2YF4vMF9fY2JeYWI6Yw%3D%3D&amp;vl=&amp;vr="""" type=""""""""><source class="""""""" src=""""//v3-web.douyinvod.com/09ab3230afcdc452e3ed0a6ed159dc79/61fe06d6/video/tos/cn/tos-cn-ve-15/ff311f20a6b04e2ea8f6f8ade713a663/?a=6383&amp;br=281&amp;bt=281&amp;cd=0%7C0%7C0%7C0&amp;ch=26&amp;cr=0&amp;cs=0&amp;cv=1&amp;dr=0&amp;ds=1&amp;er=&amp;ft=VgcwUVIIL7ThWH8M_~AGZ&amp;l=021643864997866fdbddc0300fff0010a81d88700001adf9a2bf7&amp;lr=all&amp;mime_type=video_mp4&amp;net=0&amp;pl=0&amp;qs=0&amp;rc=amZxNzU6ZnE8NjMzNGkzM0ApNzo0OWUzODtkN2U2Zzs2NmdiYDBucjRfM2tgLS1kLS9zc2M0YGE2YF4vMF9fY2JeYWI6Yw%3D%3D&amp;vl=&amp;vr="""" type=""""""""><source class="""""""" src=""""//v26-web.douyinvod.com/c00b60afeffda89e50289cd297e763d6/61fe06d6/video/tos/cn/tos-cn-ve-15/ff311f20a6b04e2ea8f6f8ade713a663/?a=6383&amp;br=281&amp;bt=281&amp;cd=0%7C0%7C0%7C0&amp;ch=26&amp;cr=0&amp;cs=0&amp;cv=1&amp;dr=0&amp;ds=1&amp;er=&amp;ft=VgcwUVIIL7ThWH8M_~AGZ&amp;l=021643864997866fdbddc0300fff0010a81d88700001adf9a2bf7&amp;lr=all&amp;mime_type=video_mp4&amp;net=0&amp;pl=0&amp;qs=0&amp;rc=amZxNzU6ZnE8NjMzNGkzM0ApNzo0OWUzODtkN2U2Zzs2NmdiYDBucjRfM2tgLS1kLS9zc2M0YGE2YF4vMF9fY2JeYWI6Yw%3D%3D&amp;vl=&amp;vr="""" type=""""""""><source class="""""""" src=""""//www.douyin.com/aweme/v1/play/?aid=6383&amp;app_name=aweme&amp;channel=channel_pc_web&amp;device_platform=web&amp;did=0&amp;file_id=3e3d8ade3fbb4ba3825a0cb96d1c774f&amp;fp=&amp;is_play_url=1&amp;line=0&amp;referer=&amp;sign=914130d5c3ab49a7c9254e056e3fdb10&amp;source=PackSourceEnum_AWEME_DETAIL&amp;target=6984684993838697742&amp;user_agent=Mozilla%2F5.0%20%28Windows%20NT%2010.0%3B%20Win64%3B%20x64%29%20AppleWebKit%2F537.36%20%28KHTML%2C%20like%20Gecko%29%20Chrome%2F76.0.3790.0%20Safari%2F537.36&amp;video_id=v0200fg10000c3n96nbc77u2q43ncceg&amp;webid=7060346230627436036"""" type="""""""">"""""""""
https://www.douyin.com/video/6985409857583172877,"<source class="""""""" src=""""//v26-web.douyinvod.com/831c158c238e1cef01f810ca4292a527/61fe362a/video/tos/cn/tos-cn-ve-15/390d2f5050bd41fe9a02640301f61afc/?a=6383&amp;br=674&amp;bt=674&amp;cd=0%7C0%7C0%7C0&amp;ch=26&amp;cr=0&amp;cs=0&amp;cv=1&amp;dr=0&amp;ds=3&amp;er=&amp;ft=VgcwUVIIL7ThWHpiq~AGZ&amp;l=021643877132127fdbddc0200ff2f010a97d1e8000000196d004f&amp;lr=all&amp;mime_type=video_mp4&amp;net=0&amp;pl=0&amp;qs=0&amp;rc=am5vazg6ZjRsNjMzNGkzM0ApOmU5OmdpNDs8N2U5ODVoaWdlMTE1cjRfZmxgLS1kLWFzczYwNDNfYF41Yy4uMy0wLjA6Yw%3D%3D&amp;vl=&amp;vr="""" type=""""""""><source class="""""""" src=""""//v3-web.douyinvod.com/ab106a35580b9afce5d9cb5f8f5f801e/61fe362a/video/tos/cn/tos-cn-ve-15/390d2f5050bd41fe9a02640301f61afc/?a=6383&amp;br=674&amp;bt=674&amp;cd=0%7C0%7C0%7C0&amp;ch=26&amp;cr=0&amp;cs=0&amp;cv=1&amp;dr=0&amp;ds=3&amp;er=&amp;ft=VgcwUVIIL7ThWHpiq~AGZ&amp;l=021643877132127fdbddc0200ff2f010a97d1e8000000196d004f&amp;lr=all&amp;mime_type=video_mp4&amp;net=0&amp;pl=0&amp;qs=0&amp;rc=am5vazg6ZjRsNjMzNGkzM0ApOmU5OmdpNDs8N2U5ODVoaWdlMTE1cjRfZmxgLS1kLWFzczYwNDNfYF41Yy4uMy0wLjA6Yw%3D%3D&amp;vl=&amp;vr="""" type=""""""""><source class="""""""" src=""""//v26-web.douyinvod.com/831c158c238e1cef01f810ca4292a527/61fe362a/video/tos/cn/tos-cn-ve-15/390d2f5050bd41fe9a02640301f61afc/?a=6383&amp;br=674&amp;bt=674&amp;cd=0%7C0%7C0%7C0&amp;ch=26&amp;cr=0&amp;cs=0&amp;cv=1&amp;dr=0&amp;ds=3&amp;er=&amp;ft=VgcwUVIIL7ThWHpiq~AGZ&amp;l=021643877132127fdbddc0200ff2f010a97d1e8000000196d004f&amp;lr=all&amp;mime_type=video_mp4&amp;net=0&amp;pl=0&amp;qs=0&amp;rc=am5vazg6ZjRsNjMzNGkzM0ApOmU5OmdpNDs8N2U5ODVoaWdlMTE1cjRfZmxgLS1kLWFzczYwNDNfYF41Yy4uMy0wLjA6Yw%3D%3D&amp;vl=&amp;vr="""" type=""""""""><source class="""""""" src=""""//www.douyin.com/aweme/v1/play/?aid=6383&amp;app_name=aweme&amp;channel=channel_pc_web&amp;device_platform=web&amp;did=0&amp;file_id=f3e1235066b1419f881afcdb7667b379&amp;fp=verify_kz6pzpr1_DH2tZ06S_UkTe_4HT3_B9We_TSmZ5KiI7j8j&amp;is_play_url=1&amp;line=0&amp;referer=&amp;sign=5496683433b36e336c301cbb545c3b77&amp;source=PackSourceEnum_AWEME_DETAIL&amp;target=6985409857583172877&amp;user_agent=Mozilla%2F5.0%20%28Windows%20NT%2010.0%3B%20Win64%3B%20x64%29%20AppleWebKit%2F537.36%20%28KHTML%2C%20like%20Gecko%29%20Chrome%2F76.0.3790.0%20Safari%2F537.36&amp;video_id=v0d00fg10000c3oii1bc77u58h4l4khg&amp;webid=7060398442501277195"""" type="""""""">"""""""""
https://www.douyin.com/video/6985835493061709086,"<source class="""""""" src=""""//v26-web.douyinvod.com/09ebf3cc6466f09769c9cd63dda3eaac/61fe06aa/video/tos/cn/tos-cn-ve-15/063963e471ca46068239e17794f66ca4/?a=6383&amp;br=262&amp;bt=262&amp;cd=0%7C0%7C0%7C0&amp;ch=26&amp;cr=0&amp;cs=0&amp;cv=1&amp;dr=0&amp;ds=6&amp;er=&amp;ft=VgcwUVIIL7ThWHVM_~AGZ&amp;l=021643864969799fdbddc0200ff2f010a9ebd9f000000588b0a9d&amp;lr=all&amp;mime_type=video_mp4&amp;net=0&amp;pl=0&amp;qs=0&amp;rc=anRwdjU6ZnZkNjMzNGkzM0ApZDZmNjdlOWRnNzhlPGQ5NGdmLy5vcjRfam1gLS1kLTBzc2ItMWMvYl8zXmIyY2JeLjM6Yw%3D%3D&amp;vl=&amp;vr="""" type=""""""""><source class="""""""" src=""""//v3-web.douyinvod.com/b207987e82517c5bdf4bc70f19360ca1/61fe06aa/video/tos/cn/tos-cn-ve-15/063963e471ca46068239e17794f66ca4/?a=6383&amp;br=262&amp;bt=262&amp;cd=0%7C0%7C0%7C0&amp;ch=26&amp;cr=0&amp;cs=0&amp;cv=1&amp;dr=0&amp;ds=6&amp;er=&amp;ft=VgcwUVIIL7ThWHVM_~AGZ&amp;l=021643864969799fdbddc0200ff2f010a9ebd9f000000588b0a9d&amp;lr=all&amp;mime_type=video_mp4&amp;net=0&amp;pl=0&amp;qs=0&amp;rc=anRwdjU6ZnZkNjMzNGkzM0ApZDZmNjdlOWRnNzhlPGQ5NGdmLy5vcjRfam1gLS1kLTBzc2ItMWMvYl8zXmIyY2JeLjM6Yw%3D%3D&amp;vl=&amp;vr="""" type=""""""""><source class="""""""" src=""""//v26-web.douyinvod.com/09ebf3cc6466f09769c9cd63dda3eaac/61fe06aa/video/tos/cn/tos-cn-ve-15/063963e471ca46068239e17794f66ca4/?a=6383&amp;br=262&amp;bt=262&amp;cd=0%7C0%7C0%7C0&amp;ch=26&amp;cr=0&amp;cs=0&amp;cv=1&amp;dr=0&amp;ds=6&amp;er=&amp;ft=VgcwUVIIL7ThWHVM_~AGZ&amp;l=021643864969799fdbddc0200ff2f010a9ebd9f000000588b0a9d&amp;lr=all&amp;mime_type=video_mp4&amp;net=0&amp;pl=0&amp;qs=0&amp;rc=anRwdjU6ZnZkNjMzNGkzM0ApZDZmNjdlOWRnNzhlPGQ5NGdmLy5vcjRfam1gLS1kLTBzc2ItMWMvYl8zXmIyY2JeLjM6Yw%3D%3D&amp;vl=&amp;vr="""" type=""""""""><source class="""""""" src=""""//www.douyin.com/aweme/v1/play/?aid=6383&amp;app_name=aweme&amp;channel=channel_pc_web&amp;device_platform=web&amp;did=0&amp;file_id=1661aa9ebf554edaa66bbe423fc430ae&amp;fp=&amp;is_play_url=1&amp;line=0&amp;referer=&amp;sign=70348e723d088c080d80312c40d3c5cc&amp;source=PackSourceEnum_AWEME_DETAIL&amp;target=6985835493061709086&amp;user_agent=Mozilla%2F5.0%20%28Windows%20NT%2010.0%3B%20Win64%3B%20x64%29%20AppleWebKit%2F537.36%20%28KHTML%2C%20like%20Gecko%29%20Chrome%2F76.0.3790.0%20Safari%2F537.36&amp;video_id=v0300fg10000c3pamsbc77u2rs1m2qig&amp;webid=7060346144895387151"""" type="""""""">"""""""""
https://www.douyin.com/video/6987314795154361611,"<source class="""""""" src=""""//v26-web.douyinvod.com/e9022eda95e4e2bf732edf05bc88b5f6/61fe0764/video/tos/cn/tos-cn-ve-15/f899c2d42e80404390dc6206108e5912/?a=6383&amp;br=818&amp;bt=818&amp;cd=0%7C0%7C0%7C0&amp;ch=26&amp;cr=0&amp;cs=0&amp;cv=1&amp;dr=0&amp;ds=3&amp;er=&amp;ft=VgcwUVIIL7ThWHFg_~AGZ&amp;l=021643865101173fdbddc0100fff0030ac219c300001785c0a299&amp;lr=all&amp;mime_type=video_mp4&amp;net=0&amp;pl=0&amp;qs=0&amp;rc=amV4OGk6ZjV4NjMzNGkzM0ApZDRmZzM4OWU0NzhoaGRoZWczYi1ecjQwb29gLS1kLTBzczJhMDAtMzExMzE0MjJeMTM6Yw%3D%3D&amp;vl=&amp;vr="""" type=""""""""><source class="""""""" src=""""//v3-web.douyinvod.com/cca286f1249becd842279705cf4f53a3/61fe0764/video/tos/cn/tos-cn-ve-15/f899c2d42e80404390dc6206108e5912/?a=6383&amp;br=818&amp;bt=818&amp;cd=0%7C0%7C0%7C0&amp;ch=26&amp;cr=0&amp;cs=0&amp;cv=1&amp;dr=0&amp;ds=3&amp;er=&amp;ft=VgcwUVIIL7ThWHFg_~AGZ&amp;l=021643865101173fdbddc0100fff0030ac219c300001785c0a299&amp;lr=all&amp;mime_type=video_mp4&amp;net=0&amp;pl=0&amp;qs=0&amp;rc=amV4OGk6ZjV4NjMzNGkzM0ApZDRmZzM4OWU0NzhoaGRoZWczYi1ecjQwb29gLS1kLTBzczJhMDAtMzExMzE0MjJeMTM6Yw%3D%3D&amp;vl=&amp;vr="""" type=""""""""><source class="""""""" src=""""//v26-web.douyinvod.com/e9022eda95e4e2bf732edf05bc88b5f6/61fe0764/video/tos/cn/tos-cn-ve-15/f899c2d42e80404390dc6206108e5912/?a=6383&amp;br=818&amp;bt=818&amp;cd=0%7C0%7C0%7C0&amp;ch=26&amp;cr=0&amp;cs=0&amp;cv=1&amp;dr=0&amp;ds=3&amp;er=&amp;ft=VgcwUVIIL7ThWHFg_~AGZ&amp;l=021643865101173fdbddc0100fff0030ac219c300001785c0a299&amp;lr=all&amp;mime_type=video_mp4&amp;net=0&amp;pl=0&amp;qs=0&amp;rc=amV4OGk6ZjV4NjMzNGkzM0ApZDRmZzM4OWU0NzhoaGRoZWczYi1ecjQwb29gLS1kLTBzczJhMDAtMzExMzE0MjJeMTM6Yw%3D%3D&amp;vl=&amp;vr="""" type=""""""""><source class="""""""" src=""""//www.douyin.com/aweme/v1/play/?aid=6383&amp;app_name=aweme&amp;channel=channel_pc_web&amp;device_platform=web&amp;did=0&amp;file_id=b6e4aae5e5574416b4645600d3c31da5&amp;fp=verify_kz6iu31n_COj6r7RA_s3S3_4gH3_89xl_IOCQ085Lk7VW&amp;is_play_url=1&amp;line=0&amp;referer=&amp;sign=c5934e20f460f8a08c877f1e82c98ffd&amp;source=PackSourceEnum_AWEME_DETAIL&amp;target=6987314795154361611&amp;user_agent=Mozilla%2F5.0%20%28Windows%20NT%2010.0%3B%20Win64%3B%20x64%29%20AppleWebKit%2F537.36%20%28KHTML%2C%20like%20Gecko%29%20Chrome%2F76.0.3790.0%20Safari%2F537.36&amp;video_id=v0300fg10000c3rur23c77ufa50ueb6g&amp;webid=7060346747692729886"""" type="""""""">"""""""""
https://www.douyin.com/video/6987764545209126178,"<source class="""""""" src=""""//v3-dy-o.zjcdn.com/d65491eedc1480419bc2b5cc5e9b9bb2/61f9405a/video/tos/cn/tos-cn-ve-15/6b16fbc3df764a629261d5cf1cc13027/?a=6383&amp;br=259&amp;bt=259&amp;cd=0%7C0%7C0%7C0&amp;ch=26&amp;cr=0&amp;cs=0&amp;cv=1&amp;dr=0&amp;ds=3&amp;er=&amp;ft=VgcwU2IFh7ThWHjePIAGZ&amp;l=021643552074257fdbddc0100ff2f010a7061d20000002ad4428b&amp;lr=all&amp;mime_type=video_mp4&amp;net=0&amp;pl=0&amp;qs=0&amp;rc=M3Q8bzk6Zm9yNjMzNGkzM0ApaTQ8NmY6OztmNzQ3NDw2aGdgMnJncjRvYHBgLS1kLTBzc2AvMWEzNTEzNV5hLzMuNl46Yw%3D%3D&amp;vl=&amp;vr="""" type=""""""""><source class="""""""" src=""""//v3-dy-o.zjcdn.com/d65491eedc1480419bc2b5cc5e9b9bb2/61f9405a/video/tos/cn/tos-cn-ve-15/6b16fbc3df764a629261d5cf1cc13027/?a=6383&amp;br=259&amp;bt=259&amp;cd=0%7C0%7C0%7C0&amp;ch=26&amp;cr=0&amp;cs=0&amp;cv=1&amp;dr=0&amp;ds=3&amp;er=&amp;ft=VgcwU2IFh7ThWHjePIAGZ&amp;l=021643552074257fdbddc0100ff2f010a7061d20000002ad4428b&amp;lr=all&amp;mime_type=video_mp4&amp;net=0&amp;pl=0&amp;qs=0&amp;rc=M3Q8bzk6Zm9yNjMzNGkzM0ApaTQ8NmY6OztmNzQ3NDw2aGdgMnJncjRvYHBgLS1kLTBzc2AvMWEzNTEzNV5hLzMuNl46Yw%3D%3D&amp;vl=&amp;vr="""" type=""""""""><source class="""""""" src=""""//v3-dy-o.zjcdn.com/d65491eedc1480419bc2b5cc5e9b9bb2/61f9405a/video/tos/cn/tos-cn-ve-15/6b16fbc3df764a629261d5cf1cc13027/?a=6383&amp;br=259&amp;bt=259&amp;cd=0%7C0%7C0%7C0&amp;ch=26&amp;cr=0&amp;cs=0&amp;cv=1&amp;dr=0&amp;ds=3&amp;er=&amp;ft=VgcwU2IFh7ThWHjePIAGZ&amp;l=021643552074257fdbddc0100ff2f010a7061d20000002ad4428b&amp;lr=all&amp;mime_type=video_mp4&amp;net=0&amp;pl=0&amp;qs=0&amp;rc=M3Q8bzk6Zm9yNjMzNGkzM0ApaTQ8NmY6OztmNzQ3NDw2aGdgMnJncjRvYHBgLS1kLTBzc2AvMWEzNTEzNV5hLzMuNl46Yw%3D%3D&amp;vl=&amp;vr="""" type=""""""""><source class="""""""" src=""""//www.douyin.com/aweme/v1/play/?aid=6383&amp;app_name=aweme&amp;channel=channel_pc_web&amp;device_platform=web&amp;did=0&amp;file_id=ea399116421d4ac8868478c63d9412fc&amp;fp=&amp;is_play_url=1&amp;line=0&amp;referer=&amp;sign=6655c9abf00fb9c2281baeeb9f67709a&amp;source=PackSourceEnum_AWEME_DETAIL&amp;target=6987764545209126178&amp;user_agent=Mozilla%2F5.0%20%28Windows%20NT%2010.0%3B%20Win64%3B%20x64%29%20AppleWebKit%2F537.36%20%28KHTML%2C%20like%20Gecko%29%20Chrome%2F76.0.3790.0%20Safari%2F537.36&amp;video_id=v0300fg10000c3soclrc77u6jlu95qc0&amp;webid=7059002348803212808"""" type="""""""">"""""""""
https://www.douyin.com/video/6989083269522279693,"<source class="""""""" src=""""//v26-web.douyinvod.com/abfff1c348d61a4699906f414b0d7a5d/61fe0701/video/tos/cn/tos-cn-ve-15/0426ca3cdcbe4723ac9c70408f35ef26/?a=6383&amp;br=848&amp;bt=848&amp;cd=0%7C0%7C0%7C0&amp;ch=26&amp;cr=0&amp;cs=0&amp;cv=1&amp;dr=0&amp;ds=3&amp;er=&amp;ft=VgcwUVIIL7ThWHJM_~AGZ&amp;l=021643864963332fdbddc0200ff2f010a9f298e0000004d1fdeb4&amp;lr=all&amp;mime_type=video_mp4&amp;net=0&amp;pl=0&amp;qs=0&amp;rc=anVkOmg6Zms2NjMzNGkzM0ApZDNkZDNnM2RlNzQ4ODtpOmdoYS9fcjRfNnNgLS1kLTBzczQzYzM1MzRjYC01MS0wNV46Yw%3D%3D&amp;vl=&amp;vr="""" type=""""""""><source class="""""""" src=""""//v3-web.douyinvod.com/86637d8978a49406303a325755a9ffe7/61fe0701/video/tos/cn/tos-cn-ve-15/0426ca3cdcbe4723ac9c70408f35ef26/?a=6383&amp;br=848&amp;bt=848&amp;cd=0%7C0%7C0%7C0&amp;ch=26&amp;cr=0&amp;cs=0&amp;cv=1&amp;dr=0&amp;ds=3&amp;er=&amp;ft=VgcwUVIIL7ThWHJM_~AGZ&amp;l=021643864963332fdbddc0200ff2f010a9f298e0000004d1fdeb4&amp;lr=all&amp;mime_type=video_mp4&amp;net=0&amp;pl=0&amp;qs=0&amp;rc=anVkOmg6Zms2NjMzNGkzM0ApZDNkZDNnM2RlNzQ4ODtpOmdoYS9fcjRfNnNgLS1kLTBzczQzYzM1MzRjYC01MS0wNV46Yw%3D%3D&amp;vl=&amp;vr="""" type=""""""""><source class="""""""" src=""""//v26-web.douyinvod.com/abfff1c348d61a4699906f414b0d7a5d/61fe0701/video/tos/cn/tos-cn-ve-15/0426ca3cdcbe4723ac9c70408f35ef26/?a=6383&amp;br=848&amp;bt=848&amp;cd=0%7C0%7C0%7C0&amp;ch=26&amp;cr=0&amp;cs=0&amp;cv=1&amp;dr=0&amp;ds=3&amp;er=&amp;ft=VgcwUVIIL7ThWHJM_~AGZ&amp;l=021643864963332fdbddc0200ff2f010a9f298e0000004d1fdeb4&amp;lr=all&amp;mime_type=video_mp4&amp;net=0&amp;pl=0&amp;qs=0&amp;rc=anVkOmg6Zms2NjMzNGkzM0ApZDNkZDNnM2RlNzQ4ODtpOmdoYS9fcjRfNnNgLS1kLTBzczQzYzM1MzRjYC01MS0wNV46Yw%3D%3D&amp;vl=&amp;vr="""" type=""""""""><source class="""""""" src=""""//www.douyin.com/aweme/v1/play/?aid=6383&amp;app_name=aweme&amp;channel=channel_pc_web&amp;device_platform=web&amp;did=0&amp;file_id=7af88350541840bcaf07d608a6af06a7&amp;fp=verify_kz6iqtrf_FV0o1a2K_TTr1_4HaC_BLdR_zX0mt6f9mskg&amp;is_play_url=1&amp;line=0&amp;referer=&amp;sign=9080bd27e40aaf27becb4842341bc9dc&amp;source=PackSourceEnum_AWEME_DETAIL&amp;target=6989083269522279693&amp;user_agent=Mozilla%2F5.0%20%28Windows%20NT%2010.0%3B%20Win64%3B%20x64%29%20AppleWebKit%2F537.36%20%28KHTML%2C%20like%20Gecko%29%20Chrome%2F76.0.3790.0%20Safari%2F537.36&amp;video_id=v0300fg10000c3v39hbc77ueb72adrkg&amp;webid=7060346144895387151"""" type="""""""">"""""""""
https://www.douyin.com/video/6989911095267921166,"<source class="""""""" src=""""//v3-dy-o.zjcdn.com/af50b794d145bbe17e3a13e5cc8c92f0/61fbaa38/video/tos/cn/tos-cn-ve-15/3cbe1767f4cd4a4db8be542fd978aa1f/?a=6383&amp;br=2843&amp;bt=2843&amp;cd=0%7C0%7C0%7C0&amp;ch=26&amp;cr=0&amp;cs=0&amp;cv=1&amp;dr=0&amp;ds=3&amp;er=&amp;ft=VgcwU2IFh7ThWHKm3~AGZ&amp;l=021643710223624fdbd400a040000000a701bb40000004a4e6ed4&amp;lr=all&amp;mime_type=video_mp4&amp;net=0&amp;pl=0&amp;qs=0&amp;rc=amZ0ZjU6ZnBsNzMzNGkzM0ApaDxpNjxpPDs3N2U8ZTpnPGdtMGtqcjQwYS1gLS1kLTBzc2A2YmFgMF9fYS8xNjJgYV46Yw%3D%3D&amp;vl=&amp;vr="""" type=""""""""><source class="""""""" src=""""//v3-dy-o.zjcdn.com/af50b794d145bbe17e3a13e5cc8c92f0/61fbaa38/video/tos/cn/tos-cn-ve-15/3cbe1767f4cd4a4db8be542fd978aa1f/?a=6383&amp;br=2843&amp;bt=2843&amp;cd=0%7C0%7C0%7C0&amp;ch=26&amp;cr=0&amp;cs=0&amp;cv=1&amp;dr=0&amp;ds=3&amp;er=&amp;ft=VgcwU2IFh7ThWHKm3~AGZ&amp;l=021643710223624fdbd400a040000000a701bb40000004a4e6ed4&amp;lr=all&amp;mime_type=video_mp4&amp;net=0&amp;pl=0&amp;qs=0&amp;rc=amZ0ZjU6ZnBsNzMzNGkzM0ApaDxpNjxpPDs3N2U8ZTpnPGdtMGtqcjQwYS1gLS1kLTBzc2A2YmFgMF9fYS8xNjJgYV46Yw%3D%3D&amp;vl=&amp;vr="""" type=""""""""><source class="""""""" src=""""//v3-dy-o.zjcdn.com/af50b794d145bbe17e3a13e5cc8c92f0/61fbaa38/video/tos/cn/tos-cn-ve-15/3cbe1767f4cd4a4db8be542fd978aa1f/?a=6383&amp;br=2843&amp;bt=2843&amp;cd=0%7C0%7C0%7C0&amp;ch=26&amp;cr=0&amp;cs=0&amp;cv=1&amp;dr=0&amp;ds=3&amp;er=&amp;ft=VgcwU2IFh7ThWHKm3~AGZ&amp;l=021643710223624fdbd400a040000000a701bb40000004a4e6ed4&amp;lr=all&amp;mime_type=video_mp4&amp;net=0&amp;pl=0&amp;qs=0&amp;rc=amZ0ZjU6ZnBsNzMzNGkzM0ApaDxpNjxpPDs3N2U8ZTpnPGdtMGtqcjQwYS1gLS1kLTBzc2A2YmFgMF9fYS8xNjJgYV46Yw%3D%3D&amp;vl=&amp;vr="""" type=""""""""><source class="""""""" src=""""//www.douyin.com/aweme/v1/play/?aid=6383&amp;app_name=aweme&amp;channel=channel_pc_web&amp;device_platform=web&amp;did=0&amp;file_id=9add7cb599b4424d8b9bf39c3dfe99ec&amp;fp=verify_kz3ymigy_waA2eKjd_YHXF_4SRh_BQLy_KLraHPEv2yh0&amp;is_play_url=1&amp;line=0&amp;referer=&amp;sign=d74a6fba59a2b017646fe7c731e70d4f&amp;source=PackSourceEnum_AWEME_DETAIL&amp;target=6989911095267921166&amp;user_agent=Mozilla%2F5.0%20%28Windows%20NT%2010.0%3B%20Win64%3B%20x64%29%20AppleWebKit%2F537.36%20%28KHTML%2C%20like%20Gecko%29%20Chrome%2F76.0.3790.0%20Safari%2F537.36&amp;video_id=v0300fg10000c40idm3c77u2mcnq3cpg&amp;webid=7059681570739488259"""" type="""""""">"""""""""
https://www.douyin.com/video/6989958917627350310,"<source class="""""""" src=""""//v26-web.douyinvod.com/13ccb2eee825bf361b46d98e1fe7c0ec/61f91c36/video/tos/cn/tos-cn-ve-15/62b7aad089ba49488f138aabc7e13b56/?a=6383&amp;br=674&amp;bt=674&amp;cd=0%7C0%7C0%7C0&amp;ch=26&amp;cr=0&amp;cs=0&amp;cv=1&amp;dr=0&amp;ds=3&amp;er=&amp;ft=VgcwUVIIL7ThWHGfOIAGZ&amp;l=021643542809072fdbddc0100fff0020a9b31a300000021896173&amp;lr=all&amp;mime_type=video_mp4&amp;net=0&amp;pl=0&amp;qs=0&amp;rc=ajZlZGQ6ZnZvNzMzNGkzM0ApOzY7OmdnZjxpNzNlOzs0PGczLS9scjRvMS1gLS1kLWFzczI1Ll8uNF9fNTU0YDY1NDE6Yw%3D%3D&amp;vl=&amp;vr="""" type=""""""""><source class="""""""" src=""""//v3-web.douyinvod.com/8f7c1d81112423dbc5ee7659d6bc0086/61f91c36/video/tos/cn/tos-cn-ve-15/62b7aad089ba49488f138aabc7e13b56/?a=6383&amp;br=674&amp;bt=674&amp;cd=0%7C0%7C0%7C0&amp;ch=26&amp;cr=0&amp;cs=0&amp;cv=1&amp;dr=0&amp;ds=3&amp;er=&amp;ft=VgcwUVIIL7ThWHGfOIAGZ&amp;l=021643542809072fdbddc0100fff0020a9b31a300000021896173&amp;lr=all&amp;mime_type=video_mp4&amp;net=0&amp;pl=0&amp;qs=0&amp;rc=ajZlZGQ6ZnZvNzMzNGkzM0ApOzY7OmdnZjxpNzNlOzs0PGczLS9scjRvMS1gLS1kLWFzczI1Ll8uNF9fNTU0YDY1NDE6Yw%3D%3D&amp;vl=&amp;vr="""" type=""""""""><source class="""""""" src=""""//v26-web.douyinvod.com/13ccb2eee825bf361b46d98e1fe7c0ec/61f91c36/video/tos/cn/tos-cn-ve-15/62b7aad089ba49488f138aabc7e13b56/?a=6383&amp;br=674&amp;bt=674&amp;cd=0%7C0%7C0%7C0&amp;ch=26&amp;cr=0&amp;cs=0&amp;cv=1&amp;dr=0&amp;ds=3&amp;er=&amp;ft=VgcwUVIIL7ThWHGfOIAGZ&amp;l=021643542809072fdbddc0100fff0020a9b31a300000021896173&amp;lr=all&amp;mime_type=video_mp4&amp;net=0&amp;pl=0&amp;qs=0&amp;rc=ajZlZGQ6ZnZvNzMzNGkzM0ApOzY7OmdnZjxpNzNlOzs0PGczLS9scjRvMS1gLS1kLWFzczI1Ll8uNF9fNTU0YDY1NDE6Yw%3D%3D&amp;vl=&amp;vr="""" type=""""""""><source class="""""""" src=""""//www.douyin.com/aweme/v1/play/?aid=6383&amp;app_name=aweme&amp;channel=channel_pc_web&amp;device_platform=web&amp;did=0&amp;file_id=94178889bc0748f89bcbd7d17b813885&amp;fp=&amp;is_play_url=1&amp;line=0&amp;referer=&amp;sign=f98a026d955cedb037d480553a3a2535&amp;source=PackSourceEnum_AWEME_DETAIL&amp;target=6989958917627350310&amp;user_agent=Mozilla%2F5.0%20%28Windows%20NT%2010.0%3B%20Win64%3B%20x64%29%20AppleWebKit%2F537.36%20%28KHTML%2C%20like%20Gecko%29%20Chrome%2F76.0.3790.0%20Safari%2F537.36&amp;video_id=v0d00fg10000c40l4src77uaoa2b036g&amp;webid=7058962549534803459"""" type="""""""">"""""""""
https://www.douyin.com/video/6992139138862501127,"<source class="""""""" src=""""//v26-web.douyinvod.com/5df1db24a20c364736641966813913b4/61fe070d/video/tos/cn/tos-cn-ve-15/80a9b616566d4b73a1e7bb6a3d83fb5d/?a=6383&amp;br=1973&amp;bt=1973&amp;cd=0%7C0%7C0%7C0&amp;ch=26&amp;cr=0&amp;cs=0&amp;cv=1&amp;dr=0&amp;ds=3&amp;er=&amp;ft=VgcwUVIIL7ThWHKM_~AGZ&amp;l=021643864975803fdbddc0100fff0030ac37c880000002fecdfd1&amp;lr=all&amp;mime_type=video_mp4&amp;net=0&amp;pl=0&amp;qs=0&amp;rc=M2Rtbjo6Zm5pNzMzNGkzM0ApOztkODhkPDs3N2c3OWhlZ2cwbm1tcjRvcTFgLS1kLWFzc2IvMmNfXzMzYGMyYjM1YDE6Yw%3D%3D&amp;vl=&amp;vr="""" type=""""""""><source class="""""""" src=""""//v3-web.douyinvod.com/376540d470fdf41aa219ea1fc62706a7/61fe070d/video/tos/cn/tos-cn-ve-15/80a9b616566d4b73a1e7bb6a3d83fb5d/?a=6383&amp;br=1973&amp;bt=1973&amp;cd=0%7C0%7C0%7C0&amp;ch=26&amp;cr=0&amp;cs=0&amp;cv=1&amp;dr=0&amp;ds=3&amp;er=&amp;ft=VgcwUVIIL7ThWHKM_~AGZ&amp;l=021643864975803fdbddc0100fff0030ac37c880000002fecdfd1&amp;lr=all&amp;mime_type=video_mp4&amp;net=0&amp;pl=0&amp;qs=0&amp;rc=M2Rtbjo6Zm5pNzMzNGkzM0ApOztkODhkPDs3N2c3OWhlZ2cwbm1tcjRvcTFgLS1kLWFzc2IvMmNfXzMzYGMyYjM1YDE6Yw%3D%3D&amp;vl=&amp;vr="""" type=""""""""><source class="""""""" src=""""//v26-web.douyinvod.com/5df1db24a20c364736641966813913b4/61fe070d/video/tos/cn/tos-cn-ve-15/80a9b616566d4b73a1e7bb6a3d83fb5d/?a=6383&amp;br=1973&amp;bt=1973&amp;cd=0%7C0%7C0%7C0&amp;ch=26&amp;cr=0&amp;cs=0&amp;cv=1&amp;dr=0&amp;ds=3&amp;er=&amp;ft=VgcwUVIIL7ThWHKM_~AGZ&amp;l=021643864975803fdbddc0100fff0030ac37c880000002fecdfd1&amp;lr=all&amp;mime_type=video_mp4&amp;net=0&amp;pl=0&amp;qs=0&amp;rc=M2Rtbjo6Zm5pNzMzNGkzM0ApOztkODhkPDs3N2c3OWhlZ2cwbm1tcjRvcTFgLS1kLWFzc2IvMmNfXzMzYGMyYjM1YDE6Yw%3D%3D&amp;vl=&amp;vr="""" type=""""""""><source class="""""""" src=""""//www.douyin.com/aweme/v1/play/?aid=6383&amp;app_name=aweme&amp;channel=channel_pc_web&amp;device_platform=web&amp;did=0&amp;file_id=d4bce8664ed54f4c8696ab5b5fa5828e&amp;fp=&amp;is_play_url=1&amp;line=0&amp;referer=&amp;sign=cfbb337b1002738a25a26d684a9cd82a&amp;source=PackSourceEnum_AWEME_DETAIL&amp;target=6992139138862501127&amp;user_agent=Mozilla%2F5.0%20%28Windows%20NT%2010.0%3B%20Win64%3B%20x64%29%20AppleWebKit%2F537.36%20%28KHTML%2C%20like%20Gecko%29%20Chrome%2F76.0.3790.0%20Safari%2F537.36&amp;video_id=v0d00fg10000c44ftkrc77u7pkpjqa30&amp;webid=7060346230627436036"""" type="""""""">"""""""""
https://www.douyin.com/video/6993175736605527332,"<source class="""""""" src=""""//v26-web.douyinvod.com/bc29669ad11ce9fa78869e237594311a/61fe069d/video/tos/cn/tos-cn-ve-15/72d98025a25241429f8fcbb1b5103664/?a=6383&amp;br=715&amp;bt=715&amp;cd=0%7C0%7C0%7C0&amp;ch=26&amp;cr=0&amp;cs=0&amp;cv=1&amp;dr=0&amp;ds=1&amp;er=&amp;ft=VgcwUVIIL7ThWH-M_~AGZ&amp;l=021643864980588fdbddc0300fff0010a8d2c9e0000001d976a25&amp;lr=all&amp;mime_type=video_mp4&amp;net=0&amp;pl=0&amp;qs=0&amp;rc=M2Vrczo6ZnNlNzMzNGkzM0ApaTk1ZTk4OWU5NzlkN2doZ2djbGEwcjRfcDNgLS1kLS9zczZeMmMvYjBjL2EuYGBiYmI6Yw%3D%3D&amp;vl=&amp;vr="""" type=""""""""><source class="""""""" src=""""//v3-web.douyinvod.com/484cf3596321e5fc74ed06ae84f2a308/61fe069d/video/tos/cn/tos-cn-ve-15/72d98025a25241429f8fcbb1b5103664/?a=6383&amp;br=715&amp;bt=715&amp;cd=0%7C0%7C0%7C0&amp;ch=26&amp;cr=0&amp;cs=0&amp;cv=1&amp;dr=0&amp;ds=1&amp;er=&amp;ft=VgcwUVIIL7ThWH-M_~AGZ&amp;l=021643864980588fdbddc0300fff0010a8d2c9e0000001d976a25&amp;lr=all&amp;mime_type=video_mp4&amp;net=0&amp;pl=0&amp;qs=0&amp;rc=M2Vrczo6ZnNlNzMzNGkzM0ApaTk1ZTk4OWU5NzlkN2doZ2djbGEwcjRfcDNgLS1kLS9zczZeMmMvYjBjL2EuYGBiYmI6Yw%3D%3D&amp;vl=&amp;vr="""" type=""""""""><source class="""""""" src=""""//v26-web.douyinvod.com/bc29669ad11ce9fa78869e237594311a/61fe069d/video/tos/cn/tos-cn-ve-15/72d98025a25241429f8fcbb1b5103664/?a=6383&amp;br=715&amp;bt=715&amp;cd=0%7C0%7C0%7C0&amp;ch=26&amp;cr=0&amp;cs=0&amp;cv=1&amp;dr=0&amp;ds=1&amp;er=&amp;ft=VgcwUVIIL7ThWH-M_~AGZ&amp;l=021643864980588fdbddc0300fff0010a8d2c9e0000001d976a25&amp;lr=all&amp;mime_type=video_mp4&amp;net=0&amp;pl=0&amp;qs=0&amp;rc=M2Vrczo6ZnNlNzMzNGkzM0ApaTk1ZTk4OWU5NzlkN2doZ2djbGEwcjRfcDNgLS1kLS9zczZeMmMvYjBjL2EuYGBiYmI6Yw%3D%3D&amp;vl=&amp;vr="""" type=""""""""><source class="""""""" src=""""//www.douyin.com/aweme/v1/play/?aid=6383&amp;app_name=aweme&amp;channel=channel_pc_web&amp;device_platform=web&amp;did=0&amp;file_id=deeede4cac614d62bf635e62bf256af9&amp;fp=&amp;is_play_url=1&amp;line=0&amp;referer=&amp;sign=15247badedf9face9375239231400b6c&amp;source=PackSourceEnum_AWEME_DETAIL&amp;target=6993175736605527332&amp;user_agent=Mozilla%2F5.0%20%28Windows%20NT%2010.0%3B%20Win64%3B%20x64%29%20AppleWebKit%2F537.36%20%28KHTML%2C%20like%20Gecko%29%20Chrome%2F76.0.3790.0%20Safari%2F537.36&amp;video_id=v0200fg10000c46bspbc77u73pdhobf0&amp;webid=7060346230627436036"""" type="""""""">"""""""""
https://www.douyin.com/video/6994038932497370401,"<source class="""""""" src=""""//v26-web.douyinvod.com/7408ef8be1c045207eab3c0e6a09f281/61fd6d42/video/tos/cn/tos-cn-ve-15/ed1cdea0ffd84ff29eac90bf539cf449/?a=6383&amp;br=523&amp;bt=523&amp;cd=0%7C0%7C0%7C0&amp;ch=26&amp;cr=0&amp;cs=0&amp;cv=1&amp;dr=0&amp;ds=3&amp;er=&amp;ft=VgcwUVIIL7ThWHCrW~AGZ&amp;l=021643825703633fdbddc0100fff0030ac21d64000017d7b3654e&amp;lr=all&amp;mime_type=video_mp4&amp;net=0&amp;pl=0&amp;qs=0&amp;rc=anJramc6Zmh3NzMzNGkzM0ApNzYzOmlnZzxmNzs2OGlkNmcxMGJzcjRnLzRgLS1kLWFzczEwMGJeYDNfMC1eYC0uNS46Yw%3D%3D&amp;vl=&amp;vr="""" type=""""""""><source class="""""""" src=""""//v3-web.douyinvod.com/7d0472a18aee8d3f7989d3e644c26951/61fd6d42/video/tos/cn/tos-cn-ve-15/ed1cdea0ffd84ff29eac90bf539cf449/?a=6383&amp;br=523&amp;bt=523&amp;cd=0%7C0%7C0%7C0&amp;ch=26&amp;cr=0&amp;cs=0&amp;cv=1&amp;dr=0&amp;ds=3&amp;er=&amp;ft=VgcwUVIIL7ThWHCrW~AGZ&amp;l=021643825703633fdbddc0100fff0030ac21d64000017d7b3654e&amp;lr=all&amp;mime_type=video_mp4&amp;net=0&amp;pl=0&amp;qs=0&amp;rc=anJramc6Zmh3NzMzNGkzM0ApNzYzOmlnZzxmNzs2OGlkNmcxMGJzcjRnLzRgLS1kLWFzczEwMGJeYDNfMC1eYC0uNS46Yw%3D%3D&amp;vl=&amp;vr="""" type=""""""""><source class="""""""" src=""""//v26-web.douyinvod.com/7408ef8be1c045207eab3c0e6a09f281/61fd6d42/video/tos/cn/tos-cn-ve-15/ed1cdea0ffd84ff29eac90bf539cf449/?a=6383&amp;br=523&amp;bt=523&amp;cd=0%7C0%7C0%7C0&amp;ch=26&amp;cr=0&amp;cs=0&amp;cv=1&amp;dr=0&amp;ds=3&amp;er=&amp;ft=VgcwUVIIL7ThWHCrW~AGZ&amp;l=021643825703633fdbddc0100fff0030ac21d64000017d7b3654e&amp;lr=all&amp;mime_type=video_mp4&amp;net=0&amp;pl=0&amp;qs=0&amp;rc=anJramc6Zmh3NzMzNGkzM0ApNzYzOmlnZzxmNzs2OGlkNmcxMGJzcjRnLzRgLS1kLWFzczEwMGJeYDNfMC1eYC0uNS46Yw%3D%3D&amp;vl=&amp;vr="""" type=""""""""><source class="""""""" src=""""//www.douyin.com/aweme/v1/play/?aid=6383&amp;app_name=aweme&amp;channel=channel_pc_web&amp;device_platform=web&amp;did=0&amp;file_id=31a8f1503c8a40c39bd6dcfa7e033344&amp;fp=&amp;is_play_url=1&amp;line=0&amp;referer=&amp;sign=010821a1d823e66d3fe58e86e2f6e9bb&amp;source=PackSourceEnum_AWEME_DETAIL&amp;target=6994038932497370401&amp;user_agent=Mozilla%2F5.0%20%28Windows%20NT%2010.0%3B%20Win64%3B%20x64%29%20AppleWebKit%2F537.36%20%28KHTML%2C%20like%20Gecko%29%20Chrome%2F76.0.3790.0%20Safari%2F537.36&amp;video_id=v0d00fg10000c47t2ejc77udvgeh3o4g&amp;webid=7060177567327979048"""" type="""""""">"""""""""
https://www.douyin.com/video/6994238746958777631,"<source class="""""""" src=""""//v26-web.douyinvod.com/90c9e556378b640dc8b9d84d73cdfb42/62010f1f/video/tos/cn/tos-cn-ve-15/fe2913eeaa224afbbd294ad3f1c480e4/?a=6383&amp;br=399&amp;bt=399&amp;cd=0%7C0%7C0%7C0&amp;ch=26&amp;cr=0&amp;cs=0&amp;cv=1&amp;dr=0&amp;ds=3&amp;er=&amp;ft=VgcwUVIIL7ThWHcjrfAGZ&amp;l=021644063482237fdbddc0200ff2f010a96c6930000001115fb01&amp;lr=all&amp;mime_type=video_mp4&amp;net=0&amp;pl=0&amp;qs=0&amp;rc=M2k1bjM6ZnE7NzMzNGkzM0ApZ2Y3OGQ7OGRnNzRmODRoOmdiMF4wcjQwXzVgLS1kLTBzcy4wYS8uL2MwNTFjNi8tMmA6Yw%3D%3D&amp;vl=&amp;vr="""" type=""""""""><source class="""""""" src=""""//v3-web.douyinvod.com/07eaa61036aafa200ee516f5e1bd2480/62010f1f/video/tos/cn/tos-cn-ve-15/fe2913eeaa224afbbd294ad3f1c480e4/?a=6383&amp;br=399&amp;bt=399&amp;cd=0%7C0%7C0%7C0&amp;ch=26&amp;cr=0&amp;cs=0&amp;cv=1&amp;dr=0&amp;ds=3&amp;er=&amp;ft=VgcwUVIIL7ThWHcjrfAGZ&amp;l=021644063482237fdbddc0200ff2f010a96c6930000001115fb01&amp;lr=all&amp;mime_type=video_mp4&amp;net=0&amp;pl=0&amp;qs=0&amp;rc=M2k1bjM6ZnE7NzMzNGkzM0ApZ2Y3OGQ7OGRnNzRmODRoOmdiMF4wcjQwXzVgLS1kLTBzcy4wYS8uL2MwNTFjNi8tMmA6Yw%3D%3D&amp;vl=&amp;vr="""" type=""""""""><source class="""""""" src=""""//v26-web.douyinvod.com/90c9e556378b640dc8b9d84d73cdfb42/62010f1f/video/tos/cn/tos-cn-ve-15/fe2913eeaa224afbbd294ad3f1c480e4/?a=6383&amp;br=399&amp;bt=399&amp;cd=0%7C0%7C0%7C0&amp;ch=26&amp;cr=0&amp;cs=0&amp;cv=1&amp;dr=0&amp;ds=3&amp;er=&amp;ft=VgcwUVIIL7ThWHcjrfAGZ&amp;l=021644063482237fdbddc0200ff2f010a96c6930000001115fb01&amp;lr=all&amp;mime_type=video_mp4&amp;net=0&amp;pl=0&amp;qs=0&amp;rc=M2k1bjM6ZnE7NzMzNGkzM0ApZ2Y3OGQ7OGRnNzRmODRoOmdiMF4wcjQwXzVgLS1kLTBzcy4wYS8uL2MwNTFjNi8tMmA6Yw%3D%3D&amp;vl=&amp;vr="""" type=""""""""><source class="""""""" src=""""//www.douyin.com/aweme/v1/play/?aid=6383&amp;app_name=aweme&amp;channel=channel_pc_web&amp;device_platform=web&amp;did=0&amp;file_id=7ce51052c91f44d8a35f82a1524dc3d1&amp;fp=&amp;is_play_url=1&amp;line=0&amp;referer=https%3A%2F%2Fwww.douyin.com%2Fvideo%2F6994238746958777631&amp;sign=650df688f9908404be13c7c1c3efb7e8&amp;source=PackSourceEnum_AWEME_DETAIL&amp;target=6994238746958777631&amp;user_agent=Mozilla%2F5.0%20%28Windows%20NT%2010.0%3B%20Win64%3B%20x64%29%20AppleWebKit%2F537.36%20%28KHTML%2C%20like%20Gecko%29%20Chrome%2F76.0.3790.0%20Safari%2F537.36&amp;video_id=v0300fg10000c488bn3c77u03ka23fe0&amp;webid=7061198826745726476"""" type="""""""">"""""""""
https://www.douyin.com/video/6996544312158735647,"<source class="""""""" src=""""//v26-web.douyinvod.com/87b2d11cdd057ebed09213e9812b8710/61fbaa53/video/tos/cn/tos-cn-ve-15/e78ec2c981004c1daf4315e1875fd146/?a=6383&amp;br=2180&amp;bt=2180&amp;cd=0%7C0%7C0%7C0&amp;ch=26&amp;cr=0&amp;cs=0&amp;cv=1&amp;dr=0&amp;ds=3&amp;er=&amp;ft=VgcwUVIIL7ThWHXN3~AGZ&amp;l=021643710186874fdbddc0300fff0010a8364e600000005f5851f&amp;lr=all&amp;mime_type=video_mp4&amp;net=0&amp;pl=0&amp;qs=0&amp;rc=amVlZ2U6ZmZlNzMzNGkzM0ApZzo7ODg7ZDtoN2czODM7OWdxNi9hcjQwY2BgLS1kLS9zc2MxNi4zNTM0MC9fMV8wYS06Yw%3D%3D&amp;vl=&amp;vr="""" type=""""""""><source class="""""""" src=""""//v3-web.douyinvod.com/463886e2aaae3703c6d20809504da91a/61fbaa53/video/tos/cn/tos-cn-ve-15/e78ec2c981004c1daf4315e1875fd146/?a=6383&amp;br=2180&amp;bt=2180&amp;cd=0%7C0%7C0%7C0&amp;ch=26&amp;cr=0&amp;cs=0&amp;cv=1&amp;dr=0&amp;ds=3&amp;er=&amp;ft=VgcwUVIIL7ThWHXN3~AGZ&amp;l=021643710186874fdbddc0300fff0010a8364e600000005f5851f&amp;lr=all&amp;mime_type=video_mp4&amp;net=0&amp;pl=0&amp;qs=0&amp;rc=amVlZ2U6ZmZlNzMzNGkzM0ApZzo7ODg7ZDtoN2czODM7OWdxNi9hcjQwY2BgLS1kLS9zc2MxNi4zNTM0MC9fMV8wYS06Yw%3D%3D&amp;vl=&amp;vr="""" type=""""""""><source class="""""""" src=""""//v26-web.douyinvod.com/87b2d11cdd057ebed09213e9812b8710/61fbaa53/video/tos/cn/tos-cn-ve-15/e78ec2c981004c1daf4315e1875fd146/?a=6383&amp;br=2180&amp;bt=2180&amp;cd=0%7C0%7C0%7C0&amp;ch=26&amp;cr=0&amp;cs=0&amp;cv=1&amp;dr=0&amp;ds=3&amp;er=&amp;ft=VgcwUVIIL7ThWHXN3~AGZ&amp;l=021643710186874fdbddc0300fff0010a8364e600000005f5851f&amp;lr=all&amp;mime_type=video_mp4&amp;net=0&amp;pl=0&amp;qs=0&amp;rc=amVlZ2U6ZmZlNzMzNGkzM0ApZzo7ODg7ZDtoN2czODM7OWdxNi9hcjQwY2BgLS1kLS9zc2MxNi4zNTM0MC9fMV8wYS06Yw%3D%3D&amp;vl=&amp;vr="""" type=""""""""><source class="""""""" src=""""//www.douyin.com/aweme/v1/play/?aid=6383&amp;app_name=aweme&amp;channel=channel_pc_web&amp;device_platform=web&amp;did=0&amp;file_id=608d035b04db42e387a68856518974df&amp;fp=&amp;is_play_url=1&amp;line=0&amp;referer=&amp;sign=1cbb78694c64d57bf1dae3db3606ab9c&amp;source=PackSourceEnum_AWEME_DETAIL&amp;target=6996544312158735647&amp;user_agent=Mozilla%2F5.0%20%28Windows%20NT%2010.0%3B%20Win64%3B%20x64%29%20AppleWebKit%2F537.36%20%28KHTML%2C%20like%20Gecko%29%20Chrome%2F76.0.3790.0%20Safari%2F537.36&amp;video_id=v0200fg10000c4cbfc3c77ubdd2b9btg&amp;webid=7059681443391637028"""" type="""""""">"""""""""
https://www.douyin.com/video/6998841878296792335,"<source class="""""""" src=""""//v26-web.douyinvod.com/6f5ca5dc41421c32f381f8feac902166/61fa7000/video/tos/cn/tos-cn-ve-15/aa040b37be45442dae1423a014f89855/?a=6383&amp;br=520&amp;bt=520&amp;cd=0%7C0%7C0%7C0&amp;ch=26&amp;cr=0&amp;cs=0&amp;cv=1&amp;dr=0&amp;ds=3&amp;er=&amp;ft=VgcwUVIIL7ThWHqObIAGZ&amp;l=021643629783976fdbddc0100fff0030a123ba80000080c81935b&amp;lr=all&amp;mime_type=video_mp4&amp;net=0&amp;pl=0&amp;qs=0&amp;rc=MztkdDU6ZjloNzMzNGkzM0ApZGllN2k5ZWQ0N2kzNTg0NmctNDVscjQwMGRgLS1kLTBzc15hMTMvM2MtLzBeL182Yl86Yw%3D%3D&amp;vl=&amp;vr="""" type=""""""""><source class="""""""" src=""""//v3-web.douyinvod.com/d4dc8a37a3229c143356166346abed6b/61fa7000/video/tos/cn/tos-cn-ve-15/aa040b37be45442dae1423a014f89855/?a=6383&amp;br=520&amp;bt=520&amp;cd=0%7C0%7C0%7C0&amp;ch=26&amp;cr=0&amp;cs=0&amp;cv=1&amp;dr=0&amp;ds=3&amp;er=&amp;ft=VgcwUVIIL7ThWHqObIAGZ&amp;l=021643629783976fdbddc0100fff0030a123ba80000080c81935b&amp;lr=all&amp;mime_type=video_mp4&amp;net=0&amp;pl=0&amp;qs=0&amp;rc=MztkdDU6ZjloNzMzNGkzM0ApZGllN2k5ZWQ0N2kzNTg0NmctNDVscjQwMGRgLS1kLTBzc15hMTMvM2MtLzBeL182Yl86Yw%3D%3D&amp;vl=&amp;vr="""" type=""""""""><source class="""""""" src=""""//v26-web.douyinvod.com/6f5ca5dc41421c32f381f8feac902166/61fa7000/video/tos/cn/tos-cn-ve-15/aa040b37be45442dae1423a014f89855/?a=6383&amp;br=520&amp;bt=520&amp;cd=0%7C0%7C0%7C0&amp;ch=26&amp;cr=0&amp;cs=0&amp;cv=1&amp;dr=0&amp;ds=3&amp;er=&amp;ft=VgcwUVIIL7ThWHqObIAGZ&amp;l=021643629783976fdbddc0100fff0030a123ba80000080c81935b&amp;lr=all&amp;mime_type=video_mp4&amp;net=0&amp;pl=0&amp;qs=0&amp;rc=MztkdDU6ZjloNzMzNGkzM0ApZGllN2k5ZWQ0N2kzNTg0NmctNDVscjQwMGRgLS1kLTBzc15hMTMvM2MtLzBeL182Yl86Yw%3D%3D&amp;vl=&amp;vr="""" type=""""""""><source class="""""""" src=""""//www.douyin.com/aweme/v1/play/?aid=6383&amp;app_name=aweme&amp;channel=channel_pc_web&amp;device_platform=web&amp;did=0&amp;file_id=3b1e592b02fa4312a0bf66f246b4fdaa&amp;fp=&amp;is_play_url=1&amp;line=0&amp;referer=&amp;sign=99ad53d5ddeac151c8672c9f25cbc921&amp;source=PackSourceEnum_AWEME_DETAIL&amp;target=6998841878296792335&amp;user_agent=Mozilla%2F5.0%20%28Windows%20NT%2010.0%3B%20Win64%3B%20x64%29%20AppleWebKit%2F537.36%20%28KHTML%2C%20like%20Gecko%29%20Chrome%2F76.0.3790.0%20Safari%2F537.36&amp;video_id=v0300fg10000c4ge363c77u2oq8a7800&amp;webid=7059336080831202852"""" type="""""""">"""""""""
https://www.douyin.com/video/7000046195045436703,"<source class="""""""" src=""""//v26-web.douyinvod.com/e35506c5ac0d81f32e3b95981bf23c43/61fe065b/video/tos/cn/tos-cn-ve-15/8fdfda7af88a4193888760db3701f470/?a=6383&amp;br=392&amp;bt=392&amp;cd=0%7C0%7C0%7C0&amp;ch=26&amp;cr=0&amp;cs=0&amp;cv=1&amp;dr=0&amp;ds=1&amp;er=&amp;ft=VgcwUVIIL7ThWHF__~AGZ&amp;l=021643864909640fdbddc0300fff0010a8cc89800000036f2a259&amp;lr=all&amp;mime_type=video_mp4&amp;net=0&amp;pl=0&amp;qs=0&amp;rc=M2Vxb2U6ZjpsNzMzNGkzM0ApOWhpODk6NGQ1N2lnPDo7PGc1ZXNncjRfYmZgLS1kLTBzc2MvLy8yMS5fXjQyNDRiYi86Yw%3D%3D&amp;vl=&amp;vr="""" type=""""""""><source class="""""""" src=""""//v3-web.douyinvod.com/684ec4bdbd71013113f25d1e017c8df8/61fe065b/video/tos/cn/tos-cn-ve-15/8fdfda7af88a4193888760db3701f470/?a=6383&amp;br=392&amp;bt=392&amp;cd=0%7C0%7C0%7C0&amp;ch=26&amp;cr=0&amp;cs=0&amp;cv=1&amp;dr=0&amp;ds=1&amp;er=&amp;ft=VgcwUVIIL7ThWHF__~AGZ&amp;l=021643864909640fdbddc0300fff0010a8cc89800000036f2a259&amp;lr=all&amp;mime_type=video_mp4&amp;net=0&amp;pl=0&amp;qs=0&amp;rc=M2Vxb2U6ZjpsNzMzNGkzM0ApOWhpODk6NGQ1N2lnPDo7PGc1ZXNncjRfYmZgLS1kLTBzc2MvLy8yMS5fXjQyNDRiYi86Yw%3D%3D&amp;vl=&amp;vr="""" type=""""""""><source class="""""""" src=""""//v26-web.douyinvod.com/e35506c5ac0d81f32e3b95981bf23c43/61fe065b/video/tos/cn/tos-cn-ve-15/8fdfda7af88a4193888760db3701f470/?a=6383&amp;br=392&amp;bt=392&amp;cd=0%7C0%7C0%7C0&amp;ch=26&amp;cr=0&amp;cs=0&amp;cv=1&amp;dr=0&amp;ds=1&amp;er=&amp;ft=VgcwUVIIL7ThWHF__~AGZ&amp;l=021643864909640fdbddc0300fff0010a8cc89800000036f2a259&amp;lr=all&amp;mime_type=video_mp4&amp;net=0&amp;pl=0&amp;qs=0&amp;rc=M2Vxb2U6ZjpsNzMzNGkzM0ApOWhpODk6NGQ1N2lnPDo7PGc1ZXNncjRfYmZgLS1kLTBzc2MvLy8yMS5fXjQyNDRiYi86Yw%3D%3D&amp;vl=&amp;vr="""" type=""""""""><source class="""""""" src=""""//www.douyin.com/aweme/v1/play/?aid=6383&amp;app_name=aweme&amp;channel=channel_pc_web&amp;device_platform=web&amp;did=0&amp;file_id=928e7e97d7f5472aab11746552f2e26f&amp;fp=verify_kz6ipjmg_snvs61qS_iyxy_4io3_8DRC_ktwn2teDqoDa&amp;is_play_url=1&amp;line=0&amp;referer=&amp;sign=9ba1e7e8bf47e4b156bb88c82a54e1d5&amp;source=PackSourceEnum_AWEME_DETAIL&amp;target=7000046195045436703&amp;user_agent=Mozilla%2F5.0%20%28Windows%20NT%2010.0%3B%20Win64%3B%20x64%29%20AppleWebKit%2F537.36%20%28KHTML%2C%20like%20Gecko%29%20Chrome%2F76.0.3790.0%20Safari%2F537.36&amp;video_id=v0300fg10000c4iie7bc77ubjlvnhb80&amp;webid=7060345735985841698"""" type="""""""">"""""""""
https://www.douyin.com/video/7006291509628751145,"<source class="""""""" src=""""//v26-web.douyinvod.com/b0a7a7f86177d8a34edd17a2dc2b27ec/61fe0c33/video/tos/cn/tos-cn-ve-15/10f61e64a9fb433781bb4466385d5e06/?a=6383&amp;br=2264&amp;bt=2264&amp;cd=0%7C0%7C0%7C0&amp;ch=26&amp;cr=0&amp;cs=0&amp;dr=0&amp;ds=3&amp;er=&amp;ft=VgcwUVIIL7ThWHRP_~AGZ&amp;l=021643866276364fdbddc0300fff0010a81719d0000005facc9ce&amp;lr=all&amp;mime_type=video_mp4&amp;net=0&amp;pl=0&amp;qs=0&amp;rc=MzRlZ2Y6ZnBvNzMzNGkzM0ApaDplZGk7N2U1N2g0ZjU6PGdraGsucjQwZXFgLS1kLWFzc2AxXjUzNTNhMF5hM2IzMV46Yw%3D%3D&amp;vl=&amp;vr="""" type=""""""""><source class="""""""" src=""""//v3-web.douyinvod.com/af5b495d3b2e3bcaf9602bdd40ad68ae/61fe0c33/video/tos/cn/tos-cn-ve-15/10f61e64a9fb433781bb4466385d5e06/?a=6383&amp;br=2264&amp;bt=2264&amp;cd=0%7C0%7C0%7C0&amp;ch=26&amp;cr=0&amp;cs=0&amp;dr=0&amp;ds=3&amp;er=&amp;ft=VgcwUVIIL7ThWHRP_~AGZ&amp;l=021643866276364fdbddc0300fff0010a81719d0000005facc9ce&amp;lr=all&amp;mime_type=video_mp4&amp;net=0&amp;pl=0&amp;qs=0&amp;rc=MzRlZ2Y6ZnBvNzMzNGkzM0ApaDplZGk7N2U1N2g0ZjU6PGdraGsucjQwZXFgLS1kLWFzc2AxXjUzNTNhMF5hM2IzMV46Yw%3D%3D&amp;vl=&amp;vr="""" type=""""""""><source class="""""""" src=""""//v26-web.douyinvod.com/b0a7a7f86177d8a34edd17a2dc2b27ec/61fe0c33/video/tos/cn/tos-cn-ve-15/10f61e64a9fb433781bb4466385d5e06/?a=6383&amp;br=2264&amp;bt=2264&amp;cd=0%7C0%7C0%7C0&amp;ch=26&amp;cr=0&amp;cs=0&amp;dr=0&amp;ds=3&amp;er=&amp;ft=VgcwUVIIL7ThWHRP_~AGZ&amp;l=021643866276364fdbddc0300fff0010a81719d0000005facc9ce&amp;lr=all&amp;mime_type=video_mp4&amp;net=0&amp;pl=0&amp;qs=0&amp;rc=MzRlZ2Y6ZnBvNzMzNGkzM0ApaDplZGk7N2U1N2g0ZjU6PGdraGsucjQwZXFgLS1kLWFzc2AxXjUzNTNhMF5hM2IzMV46Yw%3D%3D&amp;vl=&amp;vr="""" type=""""""""><source class="""""""" src=""""//www.douyin.com/aweme/v1/play/?aid=6383&amp;app_name=aweme&amp;channel=channel_pc_web&amp;device_platform=web&amp;did=0&amp;file_id=9a7426ce16ed4a23bd4688f6a8ba74ec&amp;fp=verify_kz6jj6dc_wx8XYTWp_K3CD_4Y2s_BguL_bNCQBwDz3Edn&amp;is_play_url=1&amp;line=0&amp;referer=&amp;sign=b79398c3f80fa7c1258a1a3738488c38&amp;source=PackSourceEnum_AWEME_DETAIL&amp;target=7006291509628751145&amp;user_agent=Mozilla%2F5.0%20%28Windows%20NT%2010.0%3B%20Win64%3B%20x64%29%20AppleWebKit%2F537.36%20%28KHTML%2C%20like%20Gecko%29%20Chrome%2F76.0.3790.0%20Safari%2F537.36&amp;video_id=v0d00fg10000c4tlhm3c77uc1dnbk1n0&amp;webid=7060351776494634499"""" type="""""""">"""""""""
https://www.douyin.com/video/7008077870132186371,"<source class="""""""" src=""""//v26-web.douyinvod.com/f96c263ade4a5341d44e3bf7723ac168/61fbaa55/video/tos/cn/tos-cn-ve-15/ea641ecaeb884de999a1dec6885844d2/?a=6383&amp;br=1093&amp;bt=1093&amp;cd=0%7C0%7C0%7C0&amp;ch=26&amp;cr=0&amp;cs=0&amp;cv=1&amp;dr=0&amp;ds=3&amp;er=&amp;ft=VgcwUVIIL7ThWH4N3~AGZ&amp;l=021643710179017fdbddc0100fff0030a082d4d0000000a0750d9&amp;lr=all&amp;mime_type=video_mp4&amp;net=0&amp;pl=0&amp;qs=0&amp;rc=M3h2NGg6Zml0ODMzNGkzM0ApN2hoZmg8ZGVmNzg8N2hpN2duLV5ycjRvcy1gLS1kLTBzc2AvMl82LWE2LmMuMGE0YF86Yw%3D%3D&amp;vl=&amp;vr="""" type=""""""""><source class="""""""" src=""""//v3-web.douyinvod.com/c337ff1458d9023f52de4e10e334dcc6/61fbaa55/video/tos/cn/tos-cn-ve-15/ea641ecaeb884de999a1dec6885844d2/?a=6383&amp;br=1093&amp;bt=1093&amp;cd=0%7C0%7C0%7C0&amp;ch=26&amp;cr=0&amp;cs=0&amp;cv=1&amp;dr=0&amp;ds=3&amp;er=&amp;ft=VgcwUVIIL7ThWH4N3~AGZ&amp;l=021643710179017fdbddc0100fff0030a082d4d0000000a0750d9&amp;lr=all&amp;mime_type=video_mp4&amp;net=0&amp;pl=0&amp;qs=0&amp;rc=M3h2NGg6Zml0ODMzNGkzM0ApN2hoZmg8ZGVmNzg8N2hpN2duLV5ycjRvcy1gLS1kLTBzc2AvMl82LWE2LmMuMGE0YF86Yw%3D%3D&amp;vl=&amp;vr="""" type=""""""""><source class="""""""" src=""""//v26-web.douyinvod.com/f96c263ade4a5341d44e3bf7723ac168/61fbaa55/video/tos/cn/tos-cn-ve-15/ea641ecaeb884de999a1dec6885844d2/?a=6383&amp;br=1093&amp;bt=1093&amp;cd=0%7C0%7C0%7C0&amp;ch=26&amp;cr=0&amp;cs=0&amp;cv=1&amp;dr=0&amp;ds=3&amp;er=&amp;ft=VgcwUVIIL7ThWH4N3~AGZ&amp;l=021643710179017fdbddc0100fff0030a082d4d0000000a0750d9&amp;lr=all&amp;mime_type=video_mp4&amp;net=0&amp;pl=0&amp;qs=0&amp;rc=M3h2NGg6Zml0ODMzNGkzM0ApN2hoZmg8ZGVmNzg8N2hpN2duLV5ycjRvcy1gLS1kLTBzc2AvMl82LWE2LmMuMGE0YF86Yw%3D%3D&amp;vl=&amp;vr="""" type=""""""""><source class="""""""" src=""""//www.douyin.com/aweme/v1/play/?aid=6383&amp;app_name=aweme&amp;channel=channel_pc_web&amp;device_platform=web&amp;did=0&amp;file_id=4bfce74d93514fc1b9ad90e9cbe5e24c&amp;fp=&amp;is_play_url=1&amp;line=0&amp;referer=&amp;sign=aee4a99143689d6d01f2c9c5ca889ee6&amp;source=PackSourceEnum_AWEME_DETAIL&amp;target=7008077870132186371&amp;user_agent=Mozilla%2F5.0%20%28Windows%20NT%2010.0%3B%20Win64%3B%20x64%29%20AppleWebKit%2F537.36%20%28KHTML%2C%20like%20Gecko%29%20Chrome%2F76.0.3790.0%20Safari%2F537.36&amp;video_id=v0300fg10000c50qvfrc77ueu1as0uq0&amp;webid=7059681328224437790"""" type="""""""">"""""""""
https://www.douyin.com/video/7011152866207468814,"<source class="""""""" src=""""//v26-web.douyinvod.com/0f55408fceb84a6160a0060097dddf6c/61fa79ed/video/tos/cn/tos-cn-ve-15/914af29ac1a54216a528c178f618a28b/?a=6383&amp;br=362&amp;bt=362&amp;cd=0%7C0%7C0%7C0&amp;ch=26&amp;cr=0&amp;cs=0&amp;cv=1&amp;dr=0&amp;ds=3&amp;er=&amp;ft=VgcwUVIIL7ThWHZN-IAGZ&amp;l=021643632348532fdbddc0300fff0010a80db8d000008397ea871&amp;lr=all&amp;mime_type=video_mp4&amp;net=0&amp;pl=0&amp;qs=0&amp;rc=M3VmdTU6Zm08ODMzNGkzM0ApPGc8N2kzNGU1Nzc0OmU0O2dnZ2ZxcjRncDNgLS1kLWFzc2EtXzNgYF5eYGMtNWNjNi86Yw%3D%3D&amp;vl=&amp;vr="""" type=""""""""><source class="""""""" src=""""//v3-web.douyinvod.com/63b9c97c71eb8f5337954185205ba7c9/61fa79ed/video/tos/cn/tos-cn-ve-15/914af29ac1a54216a528c178f618a28b/?a=6383&amp;br=362&amp;bt=362&amp;cd=0%7C0%7C0%7C0&amp;ch=26&amp;cr=0&amp;cs=0&amp;cv=1&amp;dr=0&amp;ds=3&amp;er=&amp;ft=VgcwUVIIL7ThWHZN-IAGZ&amp;l=021643632348532fdbddc0300fff0010a80db8d000008397ea871&amp;lr=all&amp;mime_type=video_mp4&amp;net=0&amp;pl=0&amp;qs=0&amp;rc=M3VmdTU6Zm08ODMzNGkzM0ApPGc8N2kzNGU1Nzc0OmU0O2dnZ2ZxcjRncDNgLS1kLWFzc2EtXzNgYF5eYGMtNWNjNi86Yw%3D%3D&amp;vl=&amp;vr="""" type=""""""""><source class="""""""" src=""""//v26-web.douyinvod.com/2c8bc0ea55b5db5ba8c859be9ab72607/61fa79ed/video/tos/cn/tos-cn-ve-15/ee2923e8f7c5409497244406a4634f19/?a=6383&amp;br=544&amp;bt=544&amp;cd=0%7C0%7C0%7C0&amp;ch=26&amp;cr=0&amp;cs=0&amp;cv=1&amp;dr=0&amp;ds=4&amp;er=&amp;ft=VgcwUVIIL7ThWHZN-IAGZ&amp;l=021643632348532fdbddc0300fff0010a80db8d000008397ea871&amp;lr=all&amp;mime_type=video_mp4&amp;net=0&amp;pl=0&amp;qs=0&amp;rc=M3VmdTU6Zm08ODMzNGkzM0ApO2U6Njk8Zzw3Nzw2NTw7NWdnZ2ZxcjRncDNgLS1kLWFzczUuNDBjM2E0YTFhM2ItLjI6Yw%3D%3D&amp;vl=&amp;vr="""" type=""""""""><source class="""""""" src=""""//www.douyin.com/aweme/v1/play/?aid=6383&amp;app_name=aweme&amp;channel=channel_pc_web&amp;device_platform=web&amp;did=0&amp;file_id=8219bf7f18404f2cba1a0cfc469bd09d&amp;fp=&amp;is_play_url=1&amp;line=0&amp;referer=&amp;sign=43fa126a60800e139dd603dab5da6bef&amp;source=PackSourceEnum_AWEME_DETAIL&amp;target=7011152866207468814&amp;user_agent=Mozilla%2F5.0%20%28Windows%20NT%2010.0%3B%20Win64%3B%20x64%29%20AppleWebKit%2F537.36%20%28KHTML%2C%20like%20Gecko%29%20Chrome%2F76.0.3790.0%20Safari%2F537.36&amp;video_id=v0d00fg10000c569sjjc77u2tricjrj0&amp;webid=7059347060797736483"""" type="""""""">"""""""""
https://www.douyin.com/video/7015524622548487436,"<source class="""""""" src=""""//v26-web.douyinvod.com/f3141545751dcff50e19065e21ea5a04/61fed092/video/tos/cn/tos-cn-ve-15/c64adabb37ba45d9ae9e37878fe6beb3/?a=6383&amp;br=539&amp;bt=539&amp;cd=0%7C0%7C0%7C0&amp;ch=26&amp;cr=0&amp;cs=0&amp;cv=1&amp;dr=0&amp;ds=3&amp;er=&amp;ft=VgcwUVIIL7ThWHUeBfAGZ&amp;l=021643916671124fdbddc0100fff0030ac2d360000023d929e509&amp;lr=all&amp;mime_type=video_mp4&amp;net=0&amp;pl=0&amp;qs=0&amp;rc=amg1cjY6Zng1ODMzNGkzM0ApZzRnZDY1NmQ2N2g1PDw4M2dsMTFxcjRvX2JgLS1kLTBzcy8xXjUwLy1hNDU1M2EtLS86Yw%3D%3D&amp;vl=&amp;vr="""" type=""""""""><source class="""""""" src=""""//v3-web.douyinvod.com/4660681a15ad3e39eda9119605cebac9/61fed092/video/tos/cn/tos-cn-ve-15/c64adabb37ba45d9ae9e37878fe6beb3/?a=6383&amp;br=539&amp;bt=539&amp;cd=0%7C0%7C0%7C0&amp;ch=26&amp;cr=0&amp;cs=0&amp;cv=1&amp;dr=0&amp;ds=3&amp;er=&amp;ft=VgcwUVIIL7ThWHUeBfAGZ&amp;l=021643916671124fdbddc0100fff0030ac2d360000023d929e509&amp;lr=all&amp;mime_type=video_mp4&amp;net=0&amp;pl=0&amp;qs=0&amp;rc=amg1cjY6Zng1ODMzNGkzM0ApZzRnZDY1NmQ2N2g1PDw4M2dsMTFxcjRvX2JgLS1kLTBzcy8xXjUwLy1hNDU1M2EtLS86Yw%3D%3D&amp;vl=&amp;vr="""" type=""""""""><source class="""""""" src=""""//v26-web.douyinvod.com/b979d197db3080352e37676124e7b5bb/61fed092/video/tos/cn/tos-cn-ve-15/98e4fe8e95c7439eb6f93400aeefd3cc/?a=6383&amp;br=799&amp;bt=799&amp;cd=0%7C0%7C0%7C0&amp;ch=26&amp;cr=0&amp;cs=0&amp;cv=1&amp;dr=0&amp;ds=4&amp;er=&amp;ft=VgcwUVIIL7ThWHUeBfAGZ&amp;l=021643916671124fdbddc0100fff0030ac2d360000023d929e509&amp;lr=all&amp;mime_type=video_mp4&amp;net=0&amp;pl=0&amp;qs=0&amp;rc=amg1cjY6Zng1ODMzNGkzM0ApNzg5OGg7ZTs2N2Y0Njc2NmdsMTFxcjRvX2JgLS1kLTBzc2BjLV4zMl82Mi01NTA1Ni06Yw%3D%3D&amp;vl=&amp;vr="""" type=""""""""><source class="""""""" src=""""//www.douyin.com/aweme/v1/play/?aid=6383&amp;app_name=aweme&amp;channel=channel_pc_web&amp;device_platform=web&amp;did=0&amp;file_id=0250909d26e84837ad302233a8da14d2&amp;fp=verify_03bc19adae13e7c58d76567b68332007&amp;is_play_url=1&amp;line=0&amp;referer=&amp;sign=c0bab0f6aa80475d5f7aab9a751cdb13&amp;source=PackSourceEnum_AWEME_DETAIL&amp;target=7015524622548487436&amp;user_agent=Mozilla%2F5.0%20%28Windows%20NT%2010.0%3B%20Win64%3B%20x64%29%20AppleWebKit%2F537.36%20%28KHTML%2C%20like%20Gecko%29%20Chrome%2F76.0.3790.0%20Safari%2F537.36&amp;video_id=v0300fg10000c5e2burc77u3to424eog&amp;webid=7060568267723441700"""" type="""""""">"""""""""
https://www.douyin.com/video/7017728354358971686,"<source class="""""""" src=""""//v26-web.douyinvod.com/e754115eaf54ef55c8ba9799273f269a/61fed08a/video/tos/cn/tos-cn-ve-15/cae2b3ac099a4e12b0154e9236475fe5/?a=6383&amp;br=459&amp;bt=459&amp;cd=0%7C0%7C0%7C0&amp;ch=26&amp;cr=0&amp;cs=0&amp;cv=1&amp;dr=0&amp;ds=6&amp;er=&amp;ft=VgcwUVIIL7ThWHwFBfAGZ&amp;l=021643916677655fdbddc0100fff0030a112c15000000094ba358&amp;lr=all&amp;mime_type=video_mp4&amp;net=0&amp;pl=0&amp;qs=0&amp;rc=anE3Omg6Zmd5ODMzNGkzM0ApOWY6Zmc6OztnNzs5OmU8O2dvYl5icjRfaWVgLS1kLTBzcy42XzFiL2FgYzMwNTItXzY6Yw%3D%3D&amp;vl=&amp;vr="""" type=""""""""><source class="""""""" src=""""//v3-web.douyinvod.com/3fdbb9890889522b074fb028405964db/61fed08a/video/tos/cn/tos-cn-ve-15/cae2b3ac099a4e12b0154e9236475fe5/?a=6383&amp;br=459&amp;bt=459&amp;cd=0%7C0%7C0%7C0&amp;ch=26&amp;cr=0&amp;cs=0&amp;cv=1&amp;dr=0&amp;ds=6&amp;er=&amp;ft=VgcwUVIIL7ThWHwFBfAGZ&amp;l=021643916677655fdbddc0100fff0030a112c15000000094ba358&amp;lr=all&amp;mime_type=video_mp4&amp;net=0&amp;pl=0&amp;qs=0&amp;rc=anE3Omg6Zmd5ODMzNGkzM0ApOWY6Zmc6OztnNzs5OmU8O2dvYl5icjRfaWVgLS1kLTBzcy42XzFiL2FgYzMwNTItXzY6Yw%3D%3D&amp;vl=&amp;vr="""" type=""""""""><source class="""""""" src=""""//v26-web.douyinvod.com/b90a6d2346af4b28d97145159bd5ab98/61fed08a/video/tos/cn/tos-cn-ve-15/1b2933de3690413b97c5a62f451e9ea4/?a=6383&amp;br=683&amp;bt=683&amp;cd=0%7C0%7C0%7C0&amp;ch=26&amp;cr=0&amp;cs=0&amp;cv=1&amp;dr=0&amp;ds=4&amp;er=&amp;ft=VgcwUVIIL7ThWHwFBfAGZ&amp;l=021643916677655fdbddc0100fff0030a112c15000000094ba358&amp;lr=all&amp;mime_type=video_mp4&amp;net=0&amp;pl=0&amp;qs=0&amp;rc=anE3Omg6Zmd5ODMzNGkzM0ApaGY8NDg0NmU7Nzw4ODZnM2dvYl5icjRfaWVgLS1kLTBzczMvLzNeMGBfLy80YF4vYTI6Yw%3D%3D&amp;vl=&amp;vr="""" type=""""""""><source class="""""""" src=""""//www.douyin.com/aweme/v1/play/?aid=6383&amp;app_name=aweme&amp;channel=channel_pc_web&amp;device_platform=web&amp;did=0&amp;file_id=899bb075688346df8c8d72dec47bc961&amp;fp=verify_03bc19adae13e7c58d76567b68332007&amp;is_play_url=1&amp;line=0&amp;referer=&amp;sign=73951f5bc5c6aedd7f7d0918b8e4f06f&amp;source=PackSourceEnum_AWEME_DETAIL&amp;target=7017728354358971686&amp;user_agent=Mozilla%2F5.0%20%28Windows%20NT%2010.0%3B%20Win64%3B%20x64%29%20AppleWebKit%2F537.36%20%28KHTML%2C%20like%20Gecko%29%20Chrome%2F76.0.3790.0%20Safari%2F537.36&amp;video_id=v0300fg10000c5hvldbc77uee7a4enrg&amp;webid=7060568267723441700"""" type="""""""">"""""""""
https://www.douyin.com/video/7027458692534504742,"<source class="""""""" src=""""//v26-web.douyinvod.com/ff1790d8071a6ef6072c1daeb73d4c14/61ffe491/video/tos/cn/tos-cn-ve-15-alinc2/e862d371a99945eea8980647d97557c1/?a=6383&amp;br=617&amp;bt=617&amp;cd=0%7C0%7C0%7C0&amp;ch=26&amp;cr=0&amp;cs=0&amp;dr=0&amp;ds=3&amp;er=&amp;ft=VgcwUVIIL7ThWHxUnfAGZ&amp;l=021643987320750fdbddc0200fff0050a187067000000103253f9&amp;lr=all&amp;mime_type=video_mp4&amp;net=0&amp;pl=0&amp;qs=0&amp;rc=M3hydmk6Zmw7OTMzNGkzM0ApZmdmZzc4NWRmNzQ4ZzM1OGdkai5tcjRfbDBgLS1kLTBzczAvY19eM2E2YF40My9iYy06Yw%3D%3D&amp;vl=&amp;vr="""" type=""""""""><source class="""""""" src=""""//v3-web.douyinvod.com/22721cf1600b1d4d45604aa013379fc4/61ffe491/video/tos/cn/tos-cn-ve-15-alinc2/e862d371a99945eea8980647d97557c1/?a=6383&amp;br=617&amp;bt=617&amp;cd=0%7C0%7C0%7C0&amp;ch=26&amp;cr=0&amp;cs=0&amp;dr=0&amp;ds=3&amp;er=&amp;ft=VgcwUVIIL7ThWHxUnfAGZ&amp;l=021643987320750fdbddc0200fff0050a187067000000103253f9&amp;lr=all&amp;mime_type=video_mp4&amp;net=0&amp;pl=0&amp;qs=0&amp;rc=M3hydmk6Zmw7OTMzNGkzM0ApZmdmZzc4NWRmNzQ4ZzM1OGdkai5tcjRfbDBgLS1kLTBzczAvY19eM2E2YF40My9iYy06Yw%3D%3D&amp;vl=&amp;vr="""" type=""""""""><source class="""""""" src=""""//v26-web.douyinvod.com/ff1790d8071a6ef6072c1daeb73d4c14/61ffe491/video/tos/cn/tos-cn-ve-15-alinc2/e862d371a99945eea8980647d97557c1/?a=6383&amp;br=617&amp;bt=617&amp;cd=0%7C0%7C0%7C0&amp;ch=26&amp;cr=0&amp;cs=0&amp;dr=0&amp;ds=3&amp;er=&amp;ft=VgcwUVIIL7ThWHxUnfAGZ&amp;l=021643987320750fdbddc0200fff0050a187067000000103253f9&amp;lr=all&amp;mime_type=video_mp4&amp;net=0&amp;pl=0&amp;qs=0&amp;rc=M3hydmk6Zmw7OTMzNGkzM0ApZmdmZzc4NWRmNzQ4ZzM1OGdkai5tcjRfbDBgLS1kLTBzczAvY19eM2E2YF40My9iYy06Yw%3D%3D&amp;vl=&amp;vr="""" type=""""""""><source class="""""""" src=""""//www.douyin.com/aweme/v1/play/?aid=6383&amp;app_name=aweme&amp;channel=channel_pc_web&amp;device_platform=web&amp;did=0&amp;file_id=502f0ed256174acca92d564adbcfd2c3&amp;fp=&amp;is_play_url=1&amp;line=0&amp;referer=&amp;sign=9548449a521046bf3930b313a137e121&amp;source=PackSourceEnum_AWEME_DETAIL&amp;target=7027458692534504742&amp;user_agent=Mozilla%2F5.0%20%28Windows%20NT%2010.0%3B%20Win64%3B%20x64%29%20AppleWebKit%2F537.36%20%28KHTML%2C%20like%20Gecko%29%20Chrome%2F76.0.3790.0%20Safari%2F537.36&amp;video_id=v0300fg10000c638oibc77ufps1omug0&amp;webid=7060871715337815584"""" type="""""""">"""""""""
,
,
,
,
https://www.douyin.com/user/MS4wLjABAAAAbK2NEF4mMeohftvUN5db8EzOLiGfKmuMojIRGAFC_e6sCr7Q1ktMV0hF4cYYtjHb,
https://www.douyin.com/user/MS4wLjABAAAAKPN1sF1-A0usHpWqNIRR_85bgZJMYIVrfm9WF7CBJT8,
https://www.douyin.com/user/MS4wLjABAAAAWQ5qljWM_ZWtgdFF9VN8Cd71Al54rzV7t8H91PR0hTW0GPnqvdILJ9djAsUymE_C,
https://www.douyin.com/user/MS4wLjABAAAAxfiijGCCY3mWeAMdw3FjdVxPHYmJpyTm1oT2I_HUO9s,
https://www.douyin.com/user/MS4wLjABAAAAdlqGr0jFeClho2wCojuM4c4GGUFrJ8evSFXVRAk_VyBTScXl3YM_BJwjUOsoSUds,
https://www.douyin.com/user/MS4wLjABAAAAg2dK6BgJ7ThP9FStO7RJP9pO1PGTqhq8EyQZywtzrygLBAttb5fJW5xm2aMnlkWn,
https://www.douyin.com/user/MS4wLjABAAAAWqPEGeukCdJWgU_ZvWTP3bO4xLQvKcA8FoNhmanz1Jycc-ndT_ZJp3Rh-ElXu0ea,
https://www.douyin.com/user/MS4wLjABAAAA4I_V_eyjiaCXjfGgBGN1yOBAvpJoOotM6pKNNJrOLN4,
