标题,短视频链接,f3bc7f5cffcbab3cc43c26ec2ad98e9ascss,点赞数,时长,发布者主页链接,发布者账号,发布时间
我国糖尿病的三大特点，不吃糖不是患糖尿病的关键因素#健康,https://www.douyin.com/video/6856701238629682432,,2.3w,02:34,https://www.douyin.com/user/MS4wLjABAAAAF5YRxatWMv5tMglPcTvSyWliYURpbHeudZ6uXJdle1k,李瑛,1年前
给我一分钟，把糖尿病给你聊明白！#糖尿病 #减肥 ,https://www.douyin.com/video/6999530453317258526,,1.2w,01:16,https://www.douyin.com/user/MS4wLjABAAAAa93mx-QSoPe_BUkJ8v2PKWNDs1Zcu3eO_wqLZDj-vISU5bDcmNPOFG5bPodDn49p,减重外科刘少壮,3月前
#糖尿病早期可能会出现的7个表现，看看你有没有#健康科普 #四川 ,https://www.douyin.com/video/7017987123038981384,,2.7w,01:34,https://www.douyin.com/user/MS4wLjABAAAABaZejiHXFI9ZGM_thNkOmh9EsWiOm0SFwbGRAftJ8I_Bam_H8GGs4EJzgxCWwgZc,中医钟博士,1月前
人为什么会得糖尿病？ #二型糖尿病  #科普 ,https://www.douyin.com/video/6982058124035263757,,23.7w,01:22,https://www.douyin.com/user/MS4wLjABAAAAd2SoOO020RyRJI8wJGJt5oH8CwqixxAQmd7138DMSZo,丁香医生,5月前
糖尿病到底是怎么患的？揭秘其发生的真相！#糖尿病 #健康科普 #医学科普 @抖音小助手 ,https://www.douyin.com/video/7022776002011008287,,2977,02:54,https://www.douyin.com/user/MS4wLjABAAAAlIoKCdFUqqq-qFZ-_1i31A2qfNQqtMqzu8fK1uPBjMI,心血管内科王占胜,1月前
糖尿病并发症的五种信号，你中招了吗？  #糖尿病并发症  #糖尿病  #全民健康计划  @河豚健康,https://www.douyin.com/video/6901169893039803659,,1.1w,01:11,https://www.douyin.com/user/MS4wLjABAAAAoSxHz7HhhQhEQEu3NOycuz6vfG44y0YR2ZBTxx0QT7nStEJgLri2cFFndnmjTb_F,听我说血糖,1年前
题目悲剧不要再重演，糖尿病要引起重视！ #血糖仪#糖尿病 #科普健康中国新媒体 ,https://www.douyin.com/video/7001289151555439910,,7.2w,03:06,https://www.douyin.com/user/MS4wLjABAAAA-LhgvDp5FSanbSPDuvQRRwsHGeRnCRpa6WXD10FFs_U,安贞医院郝大夫,3月前
糖尿病逆转，时间越早越好 #糖尿病 #糖尿病科普,https://www.douyin.com/video/6963871909477993741,合集,2.2w,00:48,https://www.douyin.com/user/MS4wLjABAAAAXfHO1My4IccC9NutDj7_7W5GFjSqWHKlKk5Ju_MgPGI9p3PSQIu0FLtLLR4T8f0S,邹大进医生,6月前
#李焱主任 为什么现在很多人得糖尿病呢#糖友自我管理 #糖尿病人 ,https://www.douyin.com/video/7027664649923366174,合集,6099,01:13,https://www.douyin.com/user/MS4wLjABAAAAttnuwgJBI0Kp1-EgbmgDICqIz3etuQ3t7yxqmIFcYXLyQfNTZ0hOzIz4k0Yv0zkD,李焱主任,1月前
#糖尿病 #糖尿病饮食 一定要记住这四个字,https://www.douyin.com/video/6925733466491342080,,1.9w,01:23,https://www.douyin.com/user/MS4wLjABAAAAQmqLUAEjZw4BZSnEjD20uhFe1j8oNWm2JJfjH7aK_aUsuwFp6De5dgzSlL3SSgDV,庄慧魁主任,10月前
糖尿病做到这几点，让血糖回复的更好#医学科普 #高血糖#健康#王世东 #糖尿病 ,https://www.douyin.com/video/6987663680905186573,,1.4w,00:51,https://www.douyin.com/user/MS4wLjABAAAAqAXbegB8g_ZuDLDHNGekdVWH_MkpgRBcXFYex4N64ZbLXX19r_6_jPmx3bLP7Kzq,王世东主任,4月前
得了#糖尿病建议做这个检查#健康科普 #四川 ,https://www.douyin.com/video/7011322670495157540,,4106,01:25,https://www.douyin.com/user/MS4wLjABAAAABaZejiHXFI9ZGM_thNkOmh9EsWiOm0SFwbGRAftJ8I_Bam_H8GGs4EJzgxCWwgZc,中医钟博士,2月前
糖尿病人一定要打胰岛素吗？#医学科普 #糖尿病 @DOU+小助手 ,https://www.douyin.com/video/7018107668556516620,,3487,01:39,https://www.douyin.com/user/MS4wLjABAAAADpTiEpkjX_fXgDZudeIOTE1fqPky6GK_mbCF0-8jYTA,聊健康的崔主任,1月前
#糖尿病 人全身无力没精神是怎么回事？ #健康科普 ,https://www.douyin.com/video/7001350875209895204,合集,1.2w,00:51,https://www.douyin.com/user/MS4wLjABAAAAjG5iqlHrg-6ttwiYjOUUSoBKG6UlCjoLi4ZY8s0t4XK5V4Z4WxBNmajqFH7KLkQh,内分泌专家李爱国,3月前
糖尿病如何降低血糖？怎么样吃饭？ #糖尿病  #降糖药  #健康  #健康养生  #高血糖  #中老年养生 ,https://www.douyin.com/video/6987342775821831428,,6.8w,03:54,https://www.douyin.com/user/MS4wLjABAAAAebrk8AJSBr-XKxpJPASQEgJ6IsMaT_aBOqWz7vE03tA,疼痛科张医生做科普,4月前
#科普 糖尿病的“9大征兆”，看你有吗？#健康科普 #医学科普 #健康dou起来 #健康小知识 @抖音小助手,https://www.douyin.com/video/6973999845203856671,,2.6w,03:13,https://www.douyin.com/user/MS4wLjABAAAAlIoKCdFUqqq-qFZ-_1i31A2qfNQqtMqzu8fK1uPBjMI,心血管内科王占胜,5月前
糖友任性不肯吃药，血糖恶化高达14#糖尿病 #糖尿病用药 ,https://www.douyin.com/video/7024050008441900295,,6261,00:34,https://www.douyin.com/user/MS4wLjABAAAAXfHO1My4IccC9NutDj7_7W5GFjSqWHKlKk5Ju_MgPGI9p3PSQIu0FLtLLR4T8f0S,邹大进医生,1月前
#医学科普仅供参考 ,https://www.douyin.com/video/7006132842187017508,,3.0w,00:43,https://www.douyin.com/user/MS4wLjABAAAAjG5iqlHrg-6ttwiYjOUUSoBKG6UlCjoLi4ZY8s0t4XK5V4Z4WxBNmajqFH7KLkQh,内分泌专家李爱国,3月前
第309集 | 糖尿病不是爱吃糖引起的 #健康 #医学科普 #冷知识 @抖音小助手 ,https://www.douyin.com/video/6983440352011177220,合集,2.8w,00:49,https://www.douyin.com/user/MS4wLjABAAAAd4-IxvJqrK1OtpdjZRCTfyGkcViJ7jLime4iIfvDMPE,北大医院骨科孙浩林医生,5月前
#健康科普仅供参考 ,https://www.douyin.com/video/7019915477812284680,合集,1.6w,01:30,https://www.douyin.com/user/MS4wLjABAAAAjG5iqlHrg-6ttwiYjOUUSoBKG6UlCjoLi4ZY8s0t4XK5V4Z4WxBNmajqFH7KLkQh,内分泌专家李爱国,1月前
糖友别担心，糖尿病逆转有据可依 #糖尿病逆转 ,https://www.douyin.com/video/6980136991086218504,合集,1.0w,00:56,https://www.douyin.com/user/MS4wLjABAAAAXfHO1My4IccC9NutDj7_7W5GFjSqWHKlKk5Ju_MgPGI9p3PSQIu0FLtLLR4T8f0S,邹大进医生,5月前
五大措施缓解2型糖尿病#医学科普 #糖尿病 #健康科普 @DOU+小助手,https://www.douyin.com/video/7014090310720458017,,1.3w,01:48,https://www.douyin.com/user/MS4wLjABAAAAyUYSI-jS6EXKebiIDJb10RITQ7iK_hHGnBy6gJaSxHg,李青大夫,2月前
#糖尿病 #健康 #科普 ,https://www.douyin.com/video/7016140832918998280,合集,1.0w,00:48,https://www.douyin.com/user/MS4wLjABAAAAjG5iqlHrg-6ttwiYjOUUSoBKG6UlCjoLi4ZY8s0t4XK5V4Z4WxBNmajqFH7KLkQh,内分泌专家李爱国,2月前
得了#糖尿病，就活不久了吗？#健康科普 #四川 ,https://www.douyin.com/video/7018356270516178190,,2376,00:47,https://www.douyin.com/user/MS4wLjABAAAABaZejiHXFI9ZGM_thNkOmh9EsWiOm0SFwbGRAftJ8I_Bam_H8GGs4EJzgxCWwgZc,中医钟博士,1月前
#糖尿病 #健康 #科普 ,https://www.douyin.com/video/7018364687536377101,合集,1.3w,01:27,https://www.douyin.com/user/MS4wLjABAAAAjG5iqlHrg-6ttwiYjOUUSoBKG6UlCjoLi4ZY8s0t4XK5V4Z4WxBNmajqFH7KLkQh,内分泌专家李爱国,1月前
#糖尿病 患者有哪些饮食禁忌？#科普 #健康 #糖尿病饮食 ,https://www.douyin.com/video/7023577794101759269,合集,1.0w,00:55,https://www.douyin.com/user/MS4wLjABAAAAjG5iqlHrg-6ttwiYjOUUSoBKG6UlCjoLi4ZY8s0t4XK5V4Z4WxBNmajqFH7KLkQh,内分泌专家李爱国,1月前
糖尿病诊断必须知道的五个数字#糖尿病,https://www.douyin.com/video/6882690086392188168,合集,7.4w,01:12,https://www.douyin.com/user/MS4wLjABAAAADpTiEpkjX_fXgDZudeIOTE1fqPky6GK_mbCF0-8jYTA,聊健康的崔主任,1年前
很多人血糖高了自己不知道。如果有这些表现，还是要去查下血糖！#医学科普 #健康科普 #糖尿病 @抖音小助手 ,https://www.douyin.com/video/7014299789437209893,,2.6w,02:16,https://www.douyin.com/user/MS4wLjABAAAAXcZZpN5MrjJZPArKpQ_dLA5MrQHJ7DQEkUwve-rzTs565fnTyFzIpYhunyFM014K,心血管赵宏伟医生,2月前
#糖尿病 #健康 #科普 ,https://www.douyin.com/video/7017982249417051405,合集,1.4w,01:24,https://www.douyin.com/user/MS4wLjABAAAAjG5iqlHrg-6ttwiYjOUUSoBKG6UlCjoLi4ZY8s0t4XK5V4Z4WxBNmajqFH7KLkQh,内分泌专家李爱国,1月前
为什么大家对#糖尿病 一直不重视！#中医 ,https://www.douyin.com/video/7014771248852897060,合集,1.5w,01:29,https://www.douyin.com/user/MS4wLjABAAAAjG5iqlHrg-6ttwiYjOUUSoBKG6UlCjoLi4ZY8s0t4XK5V4Z4WxBNmajqFH7KLkQh,内分泌专家李爱国,2月前
#糖尿病 患者空腹血糖15点多，恶习全在竟还不控制#我的门诊故事 #健康科普 ,https://www.douyin.com/video/6994326251808771364,,1.2w,01:17,https://www.douyin.com/user/MS4wLjABAAAAjG5iqlHrg-6ttwiYjOUUSoBKG6UlCjoLi4ZY8s0t4XK5V4Z4WxBNmajqFH7KLkQh,内分泌专家李爱国,4月前
#糖尿病 #胰岛素 #健康 #科普 ,https://www.douyin.com/video/7014750758688197925,合集,3.5w,02:00,https://www.douyin.com/user/MS4wLjABAAAAjG5iqlHrg-6ttwiYjOUUSoBKG6UlCjoLi4ZY8s0t4XK5V4Z4WxBNmajqFH7KLkQh,内分泌专家李爱国,2月前
#健康科普仅供参考 ,https://www.douyin.com/video/7025416577352863006,合集,8368,01:04,https://www.douyin.com/user/MS4wLjABAAAAjG5iqlHrg-6ttwiYjOUUSoBKG6UlCjoLi4ZY8s0t4XK5V4Z4WxBNmajqFH7KLkQh,内分泌专家李爱国,1月前
#糖尿病并发症 是怎么发生的,https://www.douyin.com/video/7009574922091597093,,3.4w,00:30,https://www.douyin.com/user/MS4wLjABAAAAHlcaf1uBZjM0O-Kk-qm5cc_myObLst_VC5raotIdUfiulUIZew2o3R_ElOcbhte5,肾病科安海燕医生,2月前
#糖尿病 患者如何正确的运动！#健康科普 #中医 ,https://www.douyin.com/video/7024408161477987591,合集,3.0w,02:10,https://www.douyin.com/user/MS4wLjABAAAAjG5iqlHrg-6ttwiYjOUUSoBKG6UlCjoLi4ZY8s0t4XK5V4Z4WxBNmajqFH7KLkQh,内分泌专家李爱国,1月前
糖尿病患者应该怎么吃早餐 #糖尿病  #饮食 ,https://www.douyin.com/video/6976079808576998687,,2.6w,01:03,https://www.douyin.com/user/MS4wLjABAAAAVS5OBFKG6xgtEu5IoUHBYNz5zt6yM1qwPa56m1gb2qg,孙苏欣讲糖,5月前
糖尿病逆转为什么突然火了#糖尿病 #逆转糖尿病 ,https://www.douyin.com/video/7005006323976867108,合集,2.5w,00:42,https://www.douyin.com/user/MS4wLjABAAAAXfHO1My4IccC9NutDj7_7W5GFjSqWHKlKk5Ju_MgPGI9p3PSQIu0FLtLLR4T8f0S,邹大进医生,2月前
糖尿病患者做到这三点，能让血糖恢复得更好！#糖尿病 #医学科普 #高血糖,https://www.douyin.com/video/6964247302496210207,,5.8w,00:31,https://www.douyin.com/user/MS4wLjABAAAAqAXbegB8g_ZuDLDHNGekdVWH_MkpgRBcXFYex4N64ZbLXX19r_6_jPmx3bLP7Kzq,王世东主任,6月前
糖尿病人如何补充营养  #糖尿病 #营养 #健康养生 @抖音小助手,https://www.douyin.com/video/6963463223416786176,合集,1.7w,01:09,https://www.douyin.com/user/MS4wLjABAAAADjQzxPppb0Qvn3zCvvpxOdvGkvo2kqLDiDWyN3aFhaPQ5RDX9h1Np0IeY3u7ITf7,齐海梅医生,6月前
糖尿病的真相,https://www.douyin.com/video/6955504324059401479,,2.3w,05:01,https://www.douyin.com/user/MS4wLjABAAAA-9RDtCKbgT40O0R-oBSbhHvdCKTKcYXNXcr-cYh_4kmwZUZXuU9TWXQrTTrrfyf_,马欣教授,7月前
糖尿病能彻底治愈吗？#糖尿病##糖尿病科普 #糖尿病逆转,https://www.douyin.com/video/6861162302792682752,合集,3975,01:00,https://www.douyin.com/user/MS4wLjABAAAAXfHO1My4IccC9NutDj7_7W5GFjSqWHKlKk5Ju_MgPGI9p3PSQIu0FLtLLR4T8f0S,邹大进医生,1年前
#糖尿病 #健康科普 #糖尿病前期 #中医 ,https://www.douyin.com/video/7021841478817287431,合集,6793,00:39,https://www.douyin.com/user/MS4wLjABAAAAjG5iqlHrg-6ttwiYjOUUSoBKG6UlCjoLi4ZY8s0t4XK5V4Z4WxBNmajqFH7KLkQh,内分泌专家李爱国,1月前
#健康科普仅供参考 ,https://www.douyin.com/video/7014671614755212551,,3.0w,00:50,https://www.douyin.com/user/MS4wLjABAAAAjG5iqlHrg-6ttwiYjOUUSoBKG6UlCjoLi4ZY8s0t4XK5V4Z4WxBNmajqFH7KLkQh,内分泌专家李爱国,2月前
糖尿病并不可怕，抓住这个黄金期，是可以逆转的！#健康真相官 #十万个怎么做,https://www.douyin.com/video/6906405391165443335,,1.6w,00:39,https://www.douyin.com/user/MS4wLjABAAAAg-2yC_pb8oDutvfu-ClglW2QK9nmcDuH2eekpQGOXvo,约见名医,11月前
糖尿病人早饭能吃白粥吗？#糖尿病 #早饭,https://www.douyin.com/video/6870812096544754957,合集,4.1w,00:46,https://www.douyin.com/user/MS4wLjABAAAADpTiEpkjX_fXgDZudeIOTE1fqPky6GK_mbCF0-8jYTA,聊健康的崔主任,1年前
糖尿病早期，容易被忽视的九个信号，要是有其中一个，最好查一下血糖呢#糖尿病,https://www.douyin.com/video/6935243333488921888,合集,1.4w,00:38,https://www.douyin.com/user/MS4wLjABAAAAGVVmlvrS5AX1CnKAzUy00AUVj4t1W9aP94l7qI2bUWI,陈晨脑科医生,9月前
糖友早期有什么症状？#糖尿病 #健康 #科普 ,https://www.douyin.com/video/6999184918836251904,,1738,00:34,https://www.douyin.com/user/MS4wLjABAAAA4Urwu3MyXnHudTE61rsipScMW3E4zzGrVjNxa6SDX_k,全科医生王勇,3月前
注意，它可能是糖尿病早期的信号#糖尿病 #胰岛素抵抗,https://www.douyin.com/video/6876008768010767623,合集,5267,00:45,https://www.douyin.com/user/MS4wLjABAAAADpTiEpkjX_fXgDZudeIOTE1fqPky6GK_mbCF0-8jYTA,聊健康的崔主任,1年前
10个信号提示血糖正在失控#健康 ,https://www.douyin.com/video/6979042633737899277,,2.0w,01:16,https://www.douyin.com/user/MS4wLjABAAAA062xLtYILS8e4yU1ZsATqW6KHo9dqQKV8i7bjvPxjSqi1DyT73OLAa3gAmLwUtAr,韩昕健医生,5月前
糖尿病的首选药是什么？可以停药吗？#四川#医学科普 #糖尿病 ,https://www.douyin.com/video/7002876942764477710,,7191,01:03,https://www.douyin.com/user/MS4wLjABAAAABaZejiHXFI9ZGM_thNkOmh9EsWiOm0SFwbGRAftJ8I_Bam_H8GGs4EJzgxCWwgZc,中医钟博士,3月前
糖尿病饮食控制：有10大误区，你占了几个？#健康 #健康养生 #健康科普 #健康dou起来 @抖音小助手 ,https://www.douyin.com/video/6983665302097693982,,6035,04:35,https://www.douyin.com/user/MS4wLjABAAAAlIoKCdFUqqq-qFZ-_1i31A2qfNQqtMqzu8fK1uPBjMI,心血管内科王占胜,4月前
空腹血糖大于6.1，小于7.0，餐后血糖大于7.8，属于糖尿病前期，这时得注意,https://www.douyin.com/video/6894562901252640007,合集,3.5w,01:03,https://www.douyin.com/user/MS4wLjABAAAADpTiEpkjX_fXgDZudeIOTE1fqPky6GK_mbCF0-8jYTA,聊健康的崔主任,1年前
血糖控制的四个维度#糖尿病 #控糖 ,https://www.douyin.com/video/7005005980916321543,合集,2.2w,01:22,https://www.douyin.com/user/MS4wLjABAAAAXfHO1My4IccC9NutDj7_7W5GFjSqWHKlKk5Ju_MgPGI9p3PSQIu0FLtLLR4T8f0S,邹大进医生,2月前
每天吃鸡蛋会容易得糖尿病吗？ #鸡蛋  #健康真相官  #糖尿病  #全民健康计划  @河豚健康,https://www.douyin.com/video/6899844684739398920,合集,11.0w,01:34,https://www.douyin.com/user/MS4wLjABAAAAoSxHz7HhhQhEQEu3NOycuz6vfG44y0YR2ZBTxx0QT7nStEJgLri2cFFndnmjTb_F,听我说血糖,1年前
#糖尿病 患者如何正确的测量空腹#血糖 #健康科普 #中医 ,https://www.douyin.com/video/6997313289097088269,,5.4w,00:49,https://www.douyin.com/user/MS4wLjABAAAAjG5iqlHrg-6ttwiYjOUUSoBKG6UlCjoLi4ZY8s0t4XK5V4Z4WxBNmajqFH7KLkQh,内分泌专家李爱国,3月前
#控糖 #糖尿病 #张文宏 早期发现的糖尿病治疗非常容易！,https://www.douyin.com/video/6940918686043639071,,4.6w,00:38,https://www.douyin.com/user/MS4wLjABAAAAz-6Va2oPw5eUcLab7Dz-cSbUjToAziesyrhTokCwKP9krIDdiRz1_eKfsym0g9bR,医道,8月前
#糖尿病 #健康科普 #中医 ,https://www.douyin.com/video/7024792504776002852,合集,6641,01:16,https://www.douyin.com/user/MS4wLjABAAAAjG5iqlHrg-6ttwiYjOUUSoBKG6UlCjoLi4ZY8s0t4XK5V4Z4WxBNmajqFH7KLkQh,内分泌专家李爱国,1月前
得了糖尿病，面条还能吃吗？#糖尿病 #糖尿病饮食 ,https://www.douyin.com/video/7000924376673602846,合集,4930,00:46,https://www.douyin.com/user/MS4wLjABAAAAXfHO1My4IccC9NutDj7_7W5GFjSqWHKlKk5Ju_MgPGI9p3PSQIu0FLtLLR4T8f0S,邹大进医生,3月前
糖尿病10年了还能逆转吗？#糖尿病 ,https://www.douyin.com/video/6985446701397986591,合集,4303,01:34,https://www.douyin.com/user/MS4wLjABAAAAVS5OBFKG6xgtEu5IoUHBYNz5zt6yM1qwPa56m1gb2qg,孙苏欣讲糖,4月前
糖尿病逆转的关键,https://www.douyin.com/video/6955908165577805068,,2.7w,05:01,https://www.douyin.com/user/MS4wLjABAAAA-9RDtCKbgT40O0R-oBSbhHvdCKTKcYXNXcr-cYh_4kmwZUZXuU9TWXQrTTrrfyf_,马欣教授,7月前
#糖尿病 患者#血糖 控制不稳定，主任担心引起并发症#我的门诊故事 ,https://www.douyin.com/video/7003911630086032654,合集,7816,00:46,https://www.douyin.com/user/MS4wLjABAAAAjG5iqlHrg-6ttwiYjOUUSoBKG6UlCjoLi4ZY8s0t4XK5V4Z4WxBNmajqFH7KLkQh,内分泌专家李爱国,3月前
查出#糖尿病 十年不当回事，引发多个并发症。#健康科普 #涨知识 ,https://www.douyin.com/video/7027719601639197966,,3817,00:49,https://www.douyin.com/user/MS4wLjABAAAAjG5iqlHrg-6ttwiYjOUUSoBKG6UlCjoLi4ZY8s0t4XK5V4Z4WxBNmajqFH7KLkQh,内分泌专家李爱国,1月前
糖尿病的十大YY@震洋健康 #健康 #科普,https://www.douyin.com/video/6940569804302503175,,1.2w,00:36,https://www.douyin.com/user/MS4wLjABAAAAxNEE0q0MNOe0KWOEX6ihm4yuiGys7d0PortGMo-aE4c3AyMVacCPhD01Xy1-7shH,谭熠博士,8月前
#糖尿病肾病 #健康科普 #中医 #糖尿病肾病饮食 ,https://www.douyin.com/video/7021775271648873741,合集,12.9w,02:35,https://www.douyin.com/user/MS4wLjABAAAAjG5iqlHrg-6ttwiYjOUUSoBKG6UlCjoLi4ZY8s0t4XK5V4Z4WxBNmajqFH7KLkQh,内分泌专家李爱国,1月前
现在很多年轻人都开始有糖尿病了。朋友们真的要注意自己的生活了！,https://www.douyin.com/video/6890848592584609031,合集,3.6w,00:49,https://www.douyin.com/user/MS4wLjABAAAAMqsBIZGfVFDWYE-Ll7MB7Dluw-2NczQA_aChqPye0qbcMgyGbHjpyBtGL55tGJ-k,心中有术,1年前
20年老糖友，三个月远离糖足困扰#糖尿病 #糖足 #控糖 #逆糖 ,https://www.douyin.com/video/7026221833921891615,,5455,00:58,https://www.douyin.com/user/MS4wLjABAAAAXfHO1My4IccC9NutDj7_7W5GFjSqWHKlKk5Ju_MgPGI9p3PSQIu0FLtLLR4T8f0S,邹大进医生,1月前
糖尿病谈“糖”色变？教你如何正确的对待！#医学科普 #控糖 @DOU+小助手 ,https://www.douyin.com/video/7002895260326071559,,6162,00:52,https://www.douyin.com/user/MS4wLjABAAAADpTiEpkjX_fXgDZudeIOTE1fqPky6GK_mbCF0-8jYTA,聊健康的崔主任,3月前
两个习惯，四周逆转糖尿病#健康 #糖尿病 #养生,https://www.douyin.com/video/6803271852270619917,,9656,00:58,https://www.douyin.com/user/MS4wLjABAAAA-9RDtCKbgT40O0R-oBSbhHvdCKTKcYXNXcr-cYh_4kmwZUZXuU9TWXQrTTrrfyf_,马欣教授,1年前
血糖低也是糖尿病的早期表现 #医学科普 #糖尿病 #血糖高 #四肢麻木,https://www.douyin.com/video/6944984627656346892,,3256,00:47,https://www.douyin.com/user/MS4wLjABAAAANGOBt6WNOVZgfjMx6VXX6LHov-kGt_BxGxGVGIOdAqc,DrX,8月前
#糖尿病 患者一日三餐这样吃最好！一些误区千万不要有#十万个怎么做,https://www.douyin.com/video/6910861896241417486,,6.2w,00:43,https://www.douyin.com/user/MS4wLjABAAAAg-2yC_pb8oDutvfu-ClglW2QK9nmcDuH2eekpQGOXvo,约见名医,11月前
某些早期糖尿病是可以治愈的#我的元宵故事 #涨知识 #科普,https://www.douyin.com/video/6933175022454377732,,3584,00:59,https://www.douyin.com/user/MS4wLjABAAAAyUYSI-jS6EXKebiIDJb10RITQ7iK_hHGnBy6gJaSxHg,李青大夫,9月前
糖尿病不同时期有什么表现，应该注意什么呢#糖尿病科普,https://www.douyin.com/video/6877827785402961159,合集,2031,00:55,https://www.douyin.com/user/MS4wLjABAAAAD8ijiQF8j3-UjJ8Q9-JoathXsmBhQeDC6BI93cExEB-QouOv_s_mrIzI_KESYbEy,内科李大夫,1年前
超重的#糖尿病 怎么通过饮食调整，促进减重。#糖尿病饮食 #医学科普,https://www.douyin.com/video/6967343107453095204,合集,1.0w,01:17,https://www.douyin.com/user/MS4wLjABAAAABI0zAr-bk_SNYAzsyj5-Ogss4WnIEHvdibaahx9a1Eo,鲁平大夫,6月前
得了糖尿病寿命会缩短9年？#糖尿病#医学科普 #健康科普 ,https://www.douyin.com/video/7000291730272636197,,5047,01:00,https://www.douyin.com/user/MS4wLjABAAAAVS5OBFKG6xgtEu5IoUHBYNz5zt6yM1qwPa56m1gb2qg,孙苏欣讲糖,3月前
我们一般建议#糖尿病 患者尽量不喝粥，实在想喝，也要按照这个顺序适量的喝#糖尿病饮食 #医学科普,https://www.douyin.com/video/6932046576386919695,,1.5w,00:42,https://www.douyin.com/user/MS4wLjABAAAABI0zAr-bk_SNYAzsyj5-Ogss4WnIEHvdibaahx9a1Eo,鲁平大夫,9月前
得了糖尿病，不用悲观。勇敢糖糖，不怕困难，加油！#心态 #糖尿病人 ,https://www.douyin.com/video/7016716978404478241,合集,5713,01:25,https://www.douyin.com/user/MS4wLjABAAAAoSxHz7HhhQhEQEu3NOycuz6vfG44y0YR2ZBTxx0QT7nStEJgLri2cFFndnmjTb_F,听我说血糖,2月前
#糖尿病 患者想要血糖控制的好，一定要自律！#健康 #科普 #中医 ,https://www.douyin.com/video/7024323027789794574,合集,2.4w,01:21,https://www.douyin.com/user/MS4wLjABAAAAjG5iqlHrg-6ttwiYjOUUSoBKG6UlCjoLi4ZY8s0t4XK5V4Z4WxBNmajqFH7KLkQh,内分泌专家李爱国,1月前
糖尿病的早期信号很容易被忽视，出现这些信号，一定要重视了！#糖尿病 #抖音小助手 #科普,https://www.douyin.com/video/6829604259454094607,合集,4120,00:33,https://www.douyin.com/user/MS4wLjABAAAAB_AOSNvr-Kqv1CI5voPzjorpLGHScaNO4eVECLDootc,内分泌科孙医生,1年前
#糖尿病 初期阶段有这些表现 #医生 提醒你有这些症状需要#注意 @抖音小助手,https://www.douyin.com/video/6848915442120150286,,3789,01:13,https://www.douyin.com/user/MS4wLjABAAAAIsQJ3wQqxrP69-zM6uG9bSEJgSeTHRZZzKnJATWTNqaRkSHvvNexaROClYBykTQ3,湘雅肖岚,1年前
#糖尿病 #控糖 #张文宏 早期发现的糖尿病如何治疗呢？,https://www.douyin.com/video/6941297698171522334,,7628,00:39,https://www.douyin.com/user/MS4wLjABAAAAz-6Va2oPw5eUcLab7Dz-cSbUjToAziesyrhTokCwKP9krIDdiRz1_eKfsym0g9bR,医道,8月前
#糖尿病 到底能逆转吗！#糖尿病科普 #医学科普 @DOU+小助手,https://www.douyin.com/video/6933169760477695232,,5507,00:41,https://www.douyin.com/user/MS4wLjABAAAABI0zAr-bk_SNYAzsyj5-Ogss4WnIEHvdibaahx9a1Eo,鲁平大夫,9月前
对糖尿病人，一个医生的心里话,https://www.douyin.com/video/6960597646977387809,,7693,01:42,https://www.douyin.com/user/MS4wLjABAAAAyUYSI-jS6EXKebiIDJb10RITQ7iK_hHGnBy6gJaSxHg,李青大夫,7月前
初期#糖尿病症状 有哪些？,https://www.douyin.com/video/6941890128914697506,,4615,00:30,https://www.douyin.com/user/MS4wLjABAAAAfcltBJ0ynVNSG5CHK4lO4dnPKVoJr4Pda3VV2oB8zmto0Cikh3uiISwygCfKU45v,内分泌科田医生,8月前
这三种东西，糖尿病人少吃#糖尿病 #糖尿病饮食,https://www.douyin.com/video/6885634066343857423,合集,1.8w,00:38,https://www.douyin.com/user/MS4wLjABAAAAXfHO1My4IccC9NutDj7_7W5GFjSqWHKlKk5Ju_MgPGI9p3PSQIu0FLtLLR4T8f0S,邹大进医生,1年前
糖尿病前期该咋办,https://www.douyin.com/video/6957745364988382497,,1.6w,04:41,https://www.douyin.com/user/MS4wLjABAAAA-9RDtCKbgT40O0R-oBSbhHvdCKTKcYXNXcr-cYh_4kmwZUZXuU9TWXQrTTrrfyf_,马欣教授,7月前
空腹高，餐后不好也是糖尿病前期的表现。积极重视，尽早治疗。#糖尿病 #血糖高 #医学科普 @DOU+小助手,https://www.douyin.com/video/6956873652696632591,,702,00:40,https://www.douyin.com/user/MS4wLjABAAAABI0zAr-bk_SNYAzsyj5-Ogss4WnIEHvdibaahx9a1Eo,鲁平大夫,7月前
糖尿病人的误区,https://www.douyin.com/video/6955682243880766750,,1.8w,04:49,https://www.douyin.com/user/MS4wLjABAAAA-9RDtCKbgT40O0R-oBSbhHvdCKTKcYXNXcr-cYh_4kmwZUZXuU9TWXQrTTrrfyf_,马欣教授,7月前
糖尿病人冬天要注意防寒保暖#感冒 #糖尿病 #感冒药 #医学科普 ,https://www.douyin.com/video/7039977499392068901,,5174,00:44,https://www.douyin.com/user/MS4wLjABAAAAoSxHz7HhhQhEQEu3NOycuz6vfG44y0YR2ZBTxx0QT7nStEJgLri2cFFndnmjTb_F,听我说血糖,18小时前
糖尿病减重反倒后悔了，这是怎么回事？#医学科普 #糖尿病 #知识创作人 @南方健康 @抖音小助手,https://www.douyin.com/video/6884227118398459140,,1.3w,00:59,https://www.douyin.com/user/MS4wLjABAAAAyUYSI-jS6EXKebiIDJb10RITQ7iK_hHGnBy6gJaSxHg,李青大夫,1年前
#糖尿病 #健康科普  ,https://www.douyin.com/video/7039507081623276836,合集,1.0w,00:47,https://www.douyin.com/user/MS4wLjABAAAAjG5iqlHrg-6ttwiYjOUUSoBKG6UlCjoLi4ZY8s0t4XK5V4Z4WxBNmajqFH7KLkQh,内分泌专家李爱国,2天前
糖尿病早期症状有哪些？这些检查方法可以给你答案！ #有点儿东西创作营  #糖尿病,https://www.douyin.com/video/6859295616766446855,,636,01:48,https://www.douyin.com/user/MS4wLjABAAAATT60AziEHhQJTkHWuoUUOr-suQas6x1UX-nqWpeGLaZWRO-7JflTe5qqv0gEywaw,边波说心,1年前
糖尿病患者怎样做，能让血糖恢复的更好！#糖尿病 #高血糖 #健康,https://www.douyin.com/video/6956477380433104164,,5053,01:05,https://www.douyin.com/user/MS4wLjABAAAAqAXbegB8g_ZuDLDHNGekdVWH_MkpgRBcXFYex4N64ZbLXX19r_6_jPmx3bLP7Kzq,王世东主任,7月前
糖尿病偏爱这六种人#糖尿病 ,https://www.douyin.com/video/7039664261903158562,,7178,01:57,https://www.douyin.com/user/MS4wLjABAAAA4vZ4ChzzbZW2-bI733aY7uqCMqh5aRnpbEvyuXUAHbg,周大亮医生,1天前
王主任讲【糖尿病患者饮食误区】#大医本草堂 #王鸿谟主任 ,https://www.douyin.com/video/6738214856966655236,,1.2w,02:44,https://www.douyin.com/user/MS4wLjABAAAA8Ucop5FJjPIIIPA0DHQjMLkxwN7UfYHsK8c-NxxilK8,大医本草堂,2年前
 抢救胰岛要趁早，硬扛糖尿病好不了#糖尿病 #控糖@抖音小助手 ,https://www.douyin.com/video/7039609580959042853,,1587,00:41,https://www.douyin.com/user/MS4wLjABAAAAXfHO1My4IccC9NutDj7_7W5GFjSqWHKlKk5Ju_MgPGI9p3PSQIu0FLtLLR4T8f0S,邹大进医生,1天前
#联合国糖尿病日 今晚8时，相约央视新闻客户端，权威专家在线答疑帮你降血糖。#医问到底 ,https://www.douyin.com/video/7030325108958825735,合集,50.4w,01:04,https://www.douyin.com/user/MS4wLjABAAAAgq8cb7cn9ByhZbmx-XQDdRTvFzmJeBBXOUO4QflP96M,央视新闻,3周前
糖尿病人饮食控制一天三餐每餐1-2两全天不超过5两注意少油、少盐、少肉#糖尿病 #糖尿病饮食 #医学科普 ,https://www.douyin.com/video/6990225922305608968,,612,01:02,https://www.douyin.com/user/MS4wLjABAAAAjG5iqlHrg-6ttwiYjOUUSoBKG6UlCjoLi4ZY8s0t4XK5V4Z4WxBNmajqFH7KLkQh,内分泌专家李爱国,4月前
#糖尿病 七大初期表现，千万不要不当一回事！#中医 #健康科普 #四川 ,https://www.douyin.com/video/7011794590525148446,,1512,00:24,https://www.douyin.com/user/MS4wLjABAAAABaZejiHXFI9ZGM_thNkOmh9EsWiOm0SFwbGRAftJ8I_Bam_H8GGs4EJzgxCWwgZc,中医钟博士,2月前
无论男女，糖尿病足早期的几个信号必须把握住，否则将面临烂脚！#dou是新一代 #中医 @DOU+小助手,https://www.douyin.com/video/6942044769824558351,,1.4w,00:26,https://www.douyin.com/user/MS4wLjABAAAArftcXwyTRYu_Tyr5fwk4s31xoP3sDxWlIK-8pwci-i9xIBxVQPN2R2sUDLZyCXo1,骨科朱保华医生,8月前
警惕糖尿病低龄化！有明显乏力、呼吸困难、呕吐症状要注意～#医学科普 #糖尿病 #乏力,https://www.douyin.com/video/6963462642857970944,,2679,00:43,https://www.douyin.com/user/MS4wLjABAAAAQt1fySPka0QGqbOLu7F_a5RZeE8AokqEtKHeJvKNkeY5n2x3X3xw41v392pvHYyw,急诊室涛哥,6月前
#糖尿病膳食指南 饮食篇，每条都是干货，快来收藏。#创作灵感 #知识创作人 @郭火火郭,https://www.douyin.com/video/6892171914408758535,,6152,00:47,https://www.douyin.com/user/MS4wLjABAAAA3pN_rGzk3IsM75rt9XEn0etL55MTzNmu5ZXr0CJv4s4,消化科郭医生,1年前
怕血糖高，又爱吃主食？试试这个小妙招，既解馋又不容易升糖#糖尿病饮食,https://www.douyin.com/video/6989412465054403854,,4611,01:52,https://www.douyin.com/user/MS4wLjABAAAAj5tpCJN8IAip_8yjA_DI6yOC99mGdAVXZEopVWAnzb0,北京卫视我是大医生,4月前
美女糖化7确诊糖尿病#高血糖  #糖尿病  #王世东 ,https://www.douyin.com/video/7039905902396214541,,1182,00:24,https://www.douyin.com/user/MS4wLjABAAAAqAXbegB8g_ZuDLDHNGekdVWH_MkpgRBcXFYex4N64ZbLXX19r_6_jPmx3bLP7Kzq,王世东主任,1天前
得了糖尿病，怎么样测血糖才准确？要想血糖测得准，牢记这5点 #糖尿病 #血糖仪的使用方法  #健康 #高血糖,https://www.douyin.com/video/7039965167110589729,,1118,02:07,https://www.douyin.com/user/MS4wLjABAAAAebrk8AJSBr-XKxpJPASQEgJ6IsMaT_aBOqWz7vE03tA,疼痛科张医生做科普,21小时前
吃二甲双G，注意这四个点！@抖音健康 #糖尿病,https://www.douyin.com/video/6980301666679557388,,7306,01:36,https://www.douyin.com/user/MS4wLjABAAAAXvlS0q3cobQfc7d6j8f2etxi85K3dlzGmEzDch0yKm1iDlKZHaulXWQXmZEjhBiO,内科邓晋红,5月前
体检报告单“藏”着什么病？#健康 #王世东 #糖尿病  ,https://www.douyin.com/video/7039135027061476621,,8.7w,00:11,https://www.douyin.com/user/MS4wLjABAAAAqAXbegB8g_ZuDLDHNGekdVWH_MkpgRBcXFYex4N64ZbLXX19r_6_jPmx3bLP7Kzq,王世东主任,2天前
糖尿病饮食的早餐建议 #糖尿病饮食 #不吃早餐的危害 #医学科普 ,https://www.douyin.com/video/7005137906377510148,合集,1.4w,00:42,https://www.douyin.com/user/MS4wLjABAAAAoSxHz7HhhQhEQEu3NOycuz6vfG44y0YR2ZBTxx0QT7nStEJgLri2cFFndnmjTb_F,听我说血糖,3月前
糖尿病患者这样做，血糖下降2-3。#健康 #医学科普 #高血糖 #王世东 #糖尿病 ,https://www.douyin.com/video/6982758185811643655,,9824,01:13,https://www.douyin.com/user/MS4wLjABAAAAqAXbegB8g_ZuDLDHNGekdVWH_MkpgRBcXFYex4N64ZbLXX19r_6_jPmx3bLP7Kzq,王世东主任,4月前
胰岛素抵抗是怎么一回事？#糖尿病 #医生科普 #胰岛素抵抗 #上海创作者联盟计划,https://www.douyin.com/video/6897874392001301774,,2.0w,00:49,https://www.douyin.com/user/MS4wLjABAAAAXfHO1My4IccC9NutDj7_7W5GFjSqWHKlKk5Ju_MgPGI9p3PSQIu0FLtLLR4T8f0S,邹大进医生,1年前
糖尿病有哪些急性并发症 #糖尿病 #糖尿病并发症,https://www.douyin.com/video/6963160307816598792,合集,5432,00:54,https://www.douyin.com/user/MS4wLjABAAAAXfHO1My4IccC9NutDj7_7W5GFjSqWHKlKk5Ju_MgPGI9p3PSQIu0FLtLLR4T8f0S,邹大进医生,6月前
糖尿病患者做到这三点，胜利就在眼前。 #医学科普  #高血糖  #健康  #糖尿病  #王世东  ,https://www.douyin.com/video/6982721441619905806,,4079,00:47,https://www.douyin.com/user/MS4wLjABAAAAqAXbegB8g_ZuDLDHNGekdVWH_MkpgRBcXFYex4N64ZbLXX19r_6_jPmx3bLP7Kzq,王世东主任,5月前
#糖尿病,https://www.douyin.com/video/6947992441429445928,,3388,00:53,https://www.douyin.com/user/MS4wLjABAAAAQmqLUAEjZw4BZSnEjD20uhFe1j8oNWm2JJfjH7aK_aUsuwFp6De5dgzSlL3SSgDV,庄慧魁主任,8月前
糖尿病患者看过来，你了解糖尿病血糖控制标准吗？#糖尿病 #血糖 #云南省第一人民医院,https://www.douyin.com/video/6994641303724166435,,2168,01:23,https://www.douyin.com/user/MS4wLjABAAAAOFGxAdHOoKTe-jauCT5OlN1euazUBZlobU6DEZQrFqA,云南省第一人民医院宣传科,4月前
空腹血糖6.5该用药吗#这个视频有点料 #医学科普 #糖尿病,https://www.douyin.com/video/6908676468864290059,,1.4w,00:48,https://www.douyin.com/user/MS4wLjABAAAAyUYSI-jS6EXKebiIDJb10RITQ7iK_hHGnBy6gJaSxHg,李青大夫,11月前
这几种水果，糖友可以放心吃#糖尿病#糖尿病科普 @DOU+小助手,https://www.douyin.com/video/6882667419677101312,合集,8.1w,00:43,https://www.douyin.com/user/MS4wLjABAAAAXfHO1My4IccC9NutDj7_7W5GFjSqWHKlKk5Ju_MgPGI9p3PSQIu0FLtLLR4T8f0S,邹大进医生,1年前
糖尿病会有哪些并发症 #糖尿病并发症 #糖尿病人 #科普 ,https://www.douyin.com/video/7002530170779208971,,6700,00:50,https://www.douyin.com/user/MS4wLjABAAAAoSxHz7HhhQhEQEu3NOycuz6vfG44y0YR2ZBTxx0QT7nStEJgLri2cFFndnmjTb_F,听我说血糖,3月前
每2个成年人，就有1个糖尿病前期！做到6个一点，血糖稳稳的#抗击疫情 #健康 @熊露医生,https://www.douyin.com/video/6840725978931563789,,5604,01:13,https://www.douyin.com/user/MS4wLjABAAAABL9pA7Lmi8TGoPQ9qtx3nQFUusYaqQwOsiM7tOgPWS0,木鱼医生,1年前
「六个一点儿」，远离糖尿病 #健康科普  #二型糖尿病 ,https://www.douyin.com/video/6982057853703998727,,5.1w,01:14,https://www.douyin.com/user/MS4wLjABAAAAd2SoOO020RyRJI8wJGJt5oH8CwqixxAQmd7138DMSZo,丁香医生,5月前
#医学科普 #糖尿病 #高血糖 无论中药降糖，还是西药降糖，饮食控制都是必须的！#糖尿病饮食 #中医张雪亮教授,https://www.douyin.com/video/6968649223919258893,,7932,00:30,https://www.douyin.com/user/MS4wLjABAAAA9NYXM936AFVzqaFJcixJtm9YSXbs5Hkg8C9j9URTiF0,中医内科张雪亮,6月前
得了糖尿病，竟然还有好处？#糖尿病 #糖尿病科普,https://www.douyin.com/video/6864848917167656206,,9363,00:47,https://www.douyin.com/user/MS4wLjABAAAAXfHO1My4IccC9NutDj7_7W5GFjSqWHKlKk5Ju_MgPGI9p3PSQIu0FLtLLR4T8f0S,邹大进医生,1年前
不甜也要少吃的糖尿病黑名单食物,https://www.douyin.com/video/6916424548640378123,合集,7.7w,00:23,https://www.douyin.com/user/MS4wLjABAAAAGVVmlvrS5AX1CnKAzUy00AUVj4t1W9aP94l7qI2bUWI,陈晨脑科医生,10月前
40岁小伙因糖尿病血糖控制不好，导致心脏血管病变上了手术台。 #糖尿病  #高血糖  #涨知识  #控制血糖 ,https://www.douyin.com/video/6981718669265063199,,3.7w,02:16,https://www.douyin.com/user/MS4wLjABAAAAMqsBIZGfVFDWYE-Ll7MB7Dluw-2NczQA_aChqPye0qbcMgyGbHjpyBtGL55tGJ-k,心中有术,5月前
2个月瘦了20斤原来是严重糖尿病#医学科普 #糖尿病 #消瘦 @DOU+小助手,https://www.douyin.com/video/7040006449925311755,,469,01:06,https://www.douyin.com/user/MS4wLjABAAAAyUYSI-jS6EXKebiIDJb10RITQ7iK_hHGnBy6gJaSxHg,李青大夫,18小时前
 早期糖尿病为什么可以逆转#逆转糖尿病 #糖尿病逆转 ,https://www.douyin.com/video/7006213709890719006,合集,4522,00:40,https://www.douyin.com/user/MS4wLjABAAAAXfHO1My4IccC9NutDj7_7W5GFjSqWHKlKk5Ju_MgPGI9p3PSQIu0FLtLLR4T8f0S,邹大进医生,2月前
糖尿病七八年了，在抖音上看到了新的希望。#糖尿病 #减重手术,https://www.douyin.com/video/7018828432721104136,合集,2.5w,00:36,https://www.douyin.com/user/MS4wLjABAAAAWQD4QrP__13V0bq9C0WqS279DEMPtocBxrFGrptb8mWkAwpiHOdtR8zELxrugPM3,医学减重专家刘雁军,1月前
#创作灵感 空腹血糖6.3怎么也是糖尿病#医学科普 #这个视频有点料,https://www.douyin.com/video/6976606478090128644,,1.5w,01:15,https://www.douyin.com/user/MS4wLjABAAAAyUYSI-jS6EXKebiIDJb10RITQ7iK_hHGnBy6gJaSxHg,李青大夫,5月前
出现以下症状小心糖尿病找上你#糖尿病 @河豚健康 @DOU+小助手,https://www.douyin.com/video/6988432469200506151,,1702,00:57,https://www.douyin.com/user/MS4wLjABAAAAIh4PYQ_S9jTg-G8nImuO45jgN9OPP13ESSaeADxrNMvHoIdKDc6LF3XA3P0zie72,晓光说药,4月前
吃出糖尿病的8大习惯#医学科普 #糖尿病 #糖尿病科普 @DOU+小助手,https://www.douyin.com/video/6852535983242513677,合集,2.3w,00:57,https://www.douyin.com/user/MS4wLjABAAAAMqsBIZGfVFDWYE-Ll7MB7Dluw-2NczQA_aChqPye0qbcMgyGbHjpyBtGL55tGJ-k,心中有术,1年前
#创作灵感 #医学科普 白米饭吃多了，容易得糖尿病，是真的吗？#全民健康计划 @河豚健康,https://www.douyin.com/video/6895200232607419648,,3.2w,01:20,https://www.douyin.com/user/MS4wLjABAAAAF5YRxatWMv5tMglPcTvSyWliYURpbHeudZ6uXJdle1k,李瑛,1年前
糖尿病人怎么喝粥？#健康生活 @DOU+小助手 ,https://www.douyin.com/video/7015508987495959819,,4955,00:59,https://www.douyin.com/user/MS4wLjABAAAADpTiEpkjX_fXgDZudeIOTE1fqPky6GK_mbCF0-8jYTA,聊健康的崔主任,2月前
#糖尿病 为什么要少喝汤？#健康科普 #四川 ,https://www.douyin.com/video/7039266217303051556,,2170,01:01,https://www.douyin.com/user/MS4wLjABAAAABaZejiHXFI9ZGM_thNkOmh9EsWiOm0SFwbGRAftJ8I_Bam_H8GGs4EJzgxCWwgZc,中医钟博士,2天前
#糖尿病 #高血糖 #健康科普 ,https://www.douyin.com/video/6980886690093206795,,1594,01:37,https://www.douyin.com/user/MS4wLjABAAAAeSYHLpn__d6lr0PdHIMsfc4SsjGjM76zhwyiZbUl2W7vsAKxl-tBDP8rhjdQ1Qrs,心脏科医生张晶 脱口秀,5月前
糖尿病与血糖高的区别 #糖尿病  #高血糖,https://www.douyin.com/video/6974318959331986725,,4886,00:57,https://www.douyin.com/user/MS4wLjABAAAAVS5OBFKG6xgtEu5IoUHBYNz5zt6yM1qwPa56m1gb2qg,孙苏欣讲糖,5月前
得了糖尿病，需要补充维生素吗？给你7条建议！#健康 #健康养生 #健康最重要 #健康科普 @抖音小助手 ,https://www.douyin.com/video/6984761503341645063,,1105,01:54,https://www.douyin.com/user/MS4wLjABAAAAlIoKCdFUqqq-qFZ-_1i31A2qfNQqtMqzu8fK1uPBjMI,心血管内科王占胜,4月前
糖尿病到底要不要吃捞饭？#捞饭  #低糖电饭煲  #控糖 ,https://www.douyin.com/video/6977569739371449633,合集,1.1w,00:40,https://www.douyin.com/user/MS4wLjABAAAAoSxHz7HhhQhEQEu3NOycuz6vfG44y0YR2ZBTxx0QT7nStEJgLri2cFFndnmjTb_F,听我说血糖,5月前
糖尿病要预防低血糖 #糖尿病  #健康  #低血糖   #糖尿病饮食   #健康养生   #养生  #降糖药 ,https://www.douyin.com/video/6986171438923304228,,1.4w,04:50,https://www.douyin.com/user/MS4wLjABAAAAebrk8AJSBr-XKxpJPASQEgJ6IsMaT_aBOqWz7vE03tA,疼痛科张医生做科普,4月前
关于糖尿病诊断的一个纠正,https://www.douyin.com/video/6935320155325025572,,1.1w,00:42,https://www.douyin.com/user/MS4wLjABAAAAoSxHz7HhhQhEQEu3NOycuz6vfG44y0YR2ZBTxx0QT7nStEJgLri2cFFndnmjTb_F,听我说血糖,9月前
#李焱主任 为什么1型糖尿病是消瘦，2型糖尿病是肥胖呢#医学科普 #健康科普  #糖尿病,https://www.douyin.com/video/6964204762849971487,合集,1.8w,00:51,https://www.douyin.com/user/MS4wLjABAAAAttnuwgJBI0Kp1-EgbmgDICqIz3etuQ3t7yxqmIFcYXLyQfNTZ0hOzIz4k0Yv0zkD,李焱主任,6月前
糖尿病不控制，10年毁掉一个人#医学科普 #糖尿病 #2021有你真好,https://www.douyin.com/video/6916788525358796043,,3300,00:43,https://www.douyin.com/user/MS4wLjABAAAAyUYSI-jS6EXKebiIDJb10RITQ7iK_hHGnBy6gJaSxHg,李青大夫,10月前
年轻的糖尿病患者，不用担心我有办法。#医学科普 #高血糖 #健康 #王世东 #糖尿病 ,https://www.douyin.com/video/6985029751933095198,,1804,00:55,https://www.douyin.com/user/MS4wLjABAAAAqAXbegB8g_ZuDLDHNGekdVWH_MkpgRBcXFYex4N64ZbLXX19r_6_jPmx3bLP7Kzq,王世东主任,4月前
为什么糖尿病还不能被治愈？  #糖尿病  #逆转糖尿病  #健康真相官  #全民健康计划  @河豚健康,https://www.douyin.com/video/6903026490514967821,合集,8741,00:56,https://www.douyin.com/user/MS4wLjABAAAAoSxHz7HhhQhEQEu3NOycuz6vfG44y0YR2ZBTxx0QT7nStEJgLri2cFFndnmjTb_F,听我说血糖,1年前
这三种情况容易得糖尿病  #糖尿病  #医者名片  #全民健康计划  @河豚健康  #预防糖尿病,https://www.douyin.com/video/6898564002239073550,,1.0w,00:52,https://www.douyin.com/user/MS4wLjABAAAAoSxHz7HhhQhEQEu3NOycuz6vfG44y0YR2ZBTxx0QT7nStEJgLri2cFFndnmjTb_F,听我说血糖,1年前
不能吃药，又不想打针，这位糖尿病人可怎么办？#医学科普 #科普健康知识 #糖尿病 @DOU+小助手,https://www.douyin.com/video/7001340778714828036,,1713,00:52,https://www.douyin.com/user/MS4wLjABAAAAyUYSI-jS6EXKebiIDJb10RITQ7iK_hHGnBy6gJaSxHg,李青大夫,3月前
天天吃蛋糕，39岁严重糖尿病#医学科普 #糖尿病 #科普 @DOU+小助手,https://www.douyin.com/video/7008101293315165473,,2207,01:00,https://www.douyin.com/user/MS4wLjABAAAAyUYSI-jS6EXKebiIDJb10RITQ7iK_hHGnBy6gJaSxHg,李青大夫,2月前
糖尿病怎么避免肾损伤#健康科普 #医生  #肾病 ,https://www.douyin.com/video/6980273385121058062,,1.3w,00:45,https://www.douyin.com/user/MS4wLjABAAAAHvTGecFA363Lsr1x3Nra3OyihIB4r9tdln7jZQStdyUw9wc271mGW25Me8ULy4zs,高建东主任,5月前
糖尿病前期逆转的两个方法。,https://www.douyin.com/video/6971034341686119716,,3707,00:41,https://www.douyin.com/user/MS4wLjABAAAA062xLtYILS8e4yU1ZsATqW6KHo9dqQKV8i7bjvPxjSqi1DyT73OLAa3gAmLwUtAr,韩昕健医生,6月前
被忽视的糖尿病病因,https://www.douyin.com/video/6967166209565445380,,5319,03:53,https://www.douyin.com/user/MS4wLjABAAAA-9RDtCKbgT40O0R-oBSbhHvdCKTKcYXNXcr-cYh_4kmwZUZXuU9TWXQrTTrrfyf_,马欣教授,6月前
#一型糖尿病 ，不能离开“它”！#健康科普 #医者仁心 ,https://www.douyin.com/video/7002034941462695182,合集,4252,00:48,https://www.douyin.com/user/MS4wLjABAAAAjG5iqlHrg-6ttwiYjOUUSoBKG6UlCjoLi4ZY8s0t4XK5V4Z4WxBNmajqFH7KLkQh,内分泌专家李爱国,3月前
冰冻三尺非一日之寒，糖尿病的产生也是慢慢形成的 #糖尿病 #健康科普 ,https://www.douyin.com/video/7000030376303299879,合集,9386,00:50,https://www.douyin.com/user/MS4wLjABAAAAoSxHz7HhhQhEQEu3NOycuz6vfG44y0YR2ZBTxx0QT7nStEJgLri2cFFndnmjTb_F,听我说血糖,3月前
要想降糖效果好/副作用小 ，服用二甲双胍的时候一定记住以上四点 #糖尿病科普,https://www.douyin.com/video/6857391835237731597,,1.6w,01:49,https://www.douyin.com/user/MS4wLjABAAAAD8ijiQF8j3-UjJ8Q9-JoathXsmBhQeDC6BI93cExEB-QouOv_s_mrIzI_KESYbEy,内科李大夫,1年前
血糖忽高忽低怎么办？ #血糖  #降糖  #高血糖  #全民健康计划  @河豚健康,https://www.douyin.com/video/6906784534004567309,,5577,00:59,https://www.douyin.com/user/MS4wLjABAAAAoSxHz7HhhQhEQEu3NOycuz6vfG44y0YR2ZBTxx0QT7nStEJgLri2cFFndnmjTb_F,听我说血糖,11月前
14岁糖尿病，医生的忠告#医学科普 #2021顺顺利利 #健康科普,https://www.douyin.com/video/6930915181044256003,,7728,00:58,https://www.douyin.com/user/MS4wLjABAAAAyUYSI-jS6EXKebiIDJb10RITQ7iK_hHGnBy6gJaSxHg,李青大夫,9月前
只吃素的#糖尿病 人，这个视频一定要看完！#健康真相官 #十万个怎么做,https://www.douyin.com/video/6898175443434753288,,1.1w,00:42,https://www.douyin.com/user/MS4wLjABAAAAg-2yC_pb8oDutvfu-ClglW2QK9nmcDuH2eekpQGOXvo,约见名医,1年前
降血糖的五个误区#糖尿病@DOU+小助手 @河豚健康,https://www.douyin.com/video/6970976669590949153,合集,3.0w,01:00,https://www.douyin.com/user/MS4wLjABAAAAIh4PYQ_S9jTg-G8nImuO45jgN9OPP13ESSaeADxrNMvHoIdKDc6LF3XA3P0zie72,晓光说药,6月前
糖尿病患者，这样做能让血糖恢复的更好。#健康 #高血糖 #医学科普 #王世东 #糖尿病 ,https://www.douyin.com/video/6982744315063717150,,1414,01:08,https://www.douyin.com/user/MS4wLjABAAAAqAXbegB8g_ZuDLDHNGekdVWH_MkpgRBcXFYex4N64ZbLXX19r_6_jPmx3bLP7Kzq,王世东主任,4月前
糖尿病人长寿秘诀 #糖尿病科普 #健康真相官,https://www.douyin.com/video/6913810889472888072,合集,9608,00:44,https://www.douyin.com/user/MS4wLjABAAAAXfHO1My4IccC9NutDj7_7W5GFjSqWHKlKk5Ju_MgPGI9p3PSQIu0FLtLLR4T8f0S,邹大进医生,11月前
糖尿病患者不忌口 再好的药也不行#高血糖 #健康 #科普 #中医,https://www.douyin.com/video/6970141517902056712,,8763,00:28,https://www.douyin.com/user/MS4wLjABAAAAHlcaf1uBZjM0O-Kk-qm5cc_myObLst_VC5raotIdUfiulUIZew2o3R_ElOcbhte5,肾病科安海燕医生,6月前
关键时期 糖友在家不吃药也能降糖 注意以下四条饮食细节#健康,https://www.douyin.com/video/6793243725297454340,,1.4w,00:47,https://www.douyin.com/user/MS4wLjABAAAAD8ijiQF8j3-UjJ8Q9-JoathXsmBhQeDC6BI93cExEB-QouOv_s_mrIzI_KESYbEy,内科李大夫,1年前
#糖尿病 #健康科谱,https://www.douyin.com/video/7039874040487628039,合集,3937,00:18,https://www.douyin.com/user/MS4wLjABAAAAjG5iqlHrg-6ttwiYjOUUSoBKG6UlCjoLi4ZY8s0t4XK5V4Z4WxBNmajqFH7KLkQh,内分泌专家李爱国,1天前
瘦人糖尿病注意这几点,https://www.douyin.com/video/6958103710350298376,,6303,03:53,https://www.douyin.com/user/MS4wLjABAAAA-9RDtCKbgT40O0R-oBSbhHvdCKTKcYXNXcr-cYh_4kmwZUZXuU9TWXQrTTrrfyf_,马欣教授,7月前
糖尿病老是满头汗？不只是天气热 #糖尿病 #糖尿病科普,https://www.douyin.com/video/6965777472210226462,合集,1.4w,00:26,https://www.douyin.com/user/MS4wLjABAAAAXfHO1My4IccC9NutDj7_7W5GFjSqWHKlKk5Ju_MgPGI9p3PSQIu0FLtLLR4T8f0S,邹大进医生,6月前
糖尿病有这七大预兆就要警惕了  #糖尿病  #降三高  #健康  #科普  #DOU上热门,https://www.douyin.com/video/6870064573630696711,,1880,01:05,https://www.douyin.com/user/MS4wLjABAAAA53ik1gf7AgWIYeylzQXNXkd92EATRWy965xrLzcqQDLxQ_OBixEKyLa31Pr2DF12,北京阜外医院心血管孔博,1年前
#辟谣 糖尿病并非不可逆，芳姐来支招！#糖尿病 #心内科芳姐 #医学科普,https://www.douyin.com/video/6927510611614027015,,1877,00:56,https://www.douyin.com/user/MS4wLjABAAAA0U9-vftjtmpCcVRB7pRb_P3rOPUVkcGBNDtCehTNkXpjxwF63PqSZNeRoy6dii17,心内科芳姐,9月前
这几种糖尿病能治愈#糖尿病#糖尿病科普,https://www.douyin.com/video/6894167991584476431,合集,5955,00:27,https://www.douyin.com/user/MS4wLjABAAAAXfHO1My4IccC9NutDj7_7W5GFjSqWHKlKk5Ju_MgPGI9p3PSQIu0FLtLLR4T8f0S,邹大进医生,1年前
得了#糖尿病 可以喝#牛奶 吗？#健康 #抖音小助手 #抖音热门 #养生 #dou出新知,https://www.douyin.com/video/6852247838538157327,合集,2431,00:31,https://www.douyin.com/user/MS4wLjABAAAAB_AOSNvr-Kqv1CI5voPzjorpLGHScaNO4eVECLDootc,内分泌科孙医生,1年前
2型糖尿病患者，在什么情况下可以恢复正常，或者病情逆转？#糖尿病 #医学科普 #高血糖,https://www.douyin.com/video/6963170558825581832,,5436,01:07,https://www.douyin.com/user/MS4wLjABAAAAqAXbegB8g_ZuDLDHNGekdVWH_MkpgRBcXFYex4N64ZbLXX19r_6_jPmx3bLP7Kzq,王世东主任,6月前
这些蔬菜升血糖，糖友要少吃 #糖尿病  #饮食,https://www.douyin.com/video/6971731399296552229,,1.2w,00:47,https://www.douyin.com/user/MS4wLjABAAAAVS5OBFKG6xgtEu5IoUHBYNz5zt6yM1qwPa56m1gb2qg,孙苏欣讲糖,6月前
得了糖尿病，最多再活20年？ #糖尿病 #2型糖尿病 #糖尿病科普 ,https://www.douyin.com/video/7012186208235212046,合集,4449,00:26,https://www.douyin.com/user/MS4wLjABAAAAXfHO1My4IccC9NutDj7_7W5GFjSqWHKlKk5Ju_MgPGI9p3PSQIu0FLtLLR4T8f0S,邹大进医生,2月前
降糖的食物有哪些？ #糖尿病  #饮食,https://www.douyin.com/video/6965772773507599624,,2.9w,00:49,https://www.douyin.com/user/MS4wLjABAAAAVS5OBFKG6xgtEu5IoUHBYNz5zt6yM1qwPa56m1gb2qg,孙苏欣讲糖,6月前
得了糖尿病，还能活多久 #糖尿病 #高血糖 #糖尿病科普,https://www.douyin.com/video/6863368611579383048,合集,5731,00:54,https://www.douyin.com/user/MS4wLjABAAAAXfHO1My4IccC9NutDj7_7W5GFjSqWHKlKk5Ju_MgPGI9p3PSQIu0FLtLLR4T8f0S,邹大进医生,1年前
土豆和红薯#高血糖 人不能吃？学会这一招你就赚了！#健康真相官,https://www.douyin.com/video/6894192638677830925,,7.0w,00:46,https://www.douyin.com/user/MS4wLjABAAAAg-2yC_pb8oDutvfu-ClglW2QK9nmcDuH2eekpQGOXvo,约见名医,1年前
糖尿病患者你被忽悠了,https://www.douyin.com/video/6955221686669102348,,2.1w,05:01,https://www.douyin.com/user/MS4wLjABAAAA-9RDtCKbgT40O0R-oBSbhHvdCKTKcYXNXcr-cYh_4kmwZUZXuU9TWXQrTTrrfyf_,马欣教授,7月前
糖前期离糖尿病有多远#糖尿病前期 #糖尿病  ,https://www.douyin.com/video/7002035561733131534,,2742,00:39,https://www.douyin.com/user/MS4wLjABAAAAXfHO1My4IccC9NutDj7_7W5GFjSqWHKlKk5Ju_MgPGI9p3PSQIu0FLtLLR4T8f0S,邹大进医生,3月前
五个方法，缓解2型糖尿病#糖尿病 #糖尿病科普 ,https://www.douyin.com/video/7019226518614183175,,2288,00:54,https://www.douyin.com/user/MS4wLjABAAAAXfHO1My4IccC9NutDj7_7W5GFjSqWHKlKk5Ju_MgPGI9p3PSQIu0FLtLLR4T8f0S,邹大进医生,1月前
早期糖尿病，这种类型最常见#医学科普 #科普健康知识 #糖尿病 @DOU+小助手,https://www.douyin.com/video/6998479317189577996,,2577,00:53,https://www.douyin.com/user/MS4wLjABAAAAyUYSI-jS6EXKebiIDJb10RITQ7iK_hHGnBy6gJaSxHg,李青大夫,3月前
得了#糖尿病 后千万别恐惧，控制好血糖，该活多久活多久#医学科普,https://www.douyin.com/video/6909012563544067335,合集,3284,00:31,https://www.douyin.com/user/MS4wLjABAAAA4DfUlyz3X6P2ZroLtHp-qydaJBhEUpqU1UGaD5WncjA,老年病专家刘超,11月前
2型糖尿病这样做有可能逆转#医学科普 #高血糖 #健康 #王世东 #糖尿病 ,https://www.douyin.com/video/6987944760652664071,,1516,01:07,https://www.douyin.com/user/MS4wLjABAAAAqAXbegB8g_ZuDLDHNGekdVWH_MkpgRBcXFYex4N64ZbLXX19r_6_jPmx3bLP7Kzq,王世东主任,4月前
#二型糖尿病 #减重代谢手术 ,https://www.douyin.com/video/7025922840058760462,,3.1w,00:48,https://www.douyin.com/user/MS4wLjABAAAA2uebU1ZNTDQCJQKB-4_kVNsoYU1HQ_FpRM6totQj6Og,减重代谢手术喜哥,1月前
无论血糖控制的好坏，2型糖尿病患者最终都要打胰岛素吗？#糖尿病 #胰岛素 ,https://www.douyin.com/video/7019127657111506212,,5069,03:00,https://www.douyin.com/user/MS4wLjABAAAAJOzdDV4Jox4eX7HgE7WmRO6ZH0wuWY4rLsc0L4tiNh-2USqgM6xsye3Jg8mS8txq,李梅医生说糖尿病,1月前
记住四点，帮助逆转糖尿病#糖尿病#糖尿病科普,https://www.douyin.com/video/6886400805637721344,合集,4661,00:38,https://www.douyin.com/user/MS4wLjABAAAAXfHO1My4IccC9NutDj7_7W5GFjSqWHKlKk5Ju_MgPGI9p3PSQIu0FLtLLR4T8f0S,邹大进医生,1年前
#糖尿病 患者总是腿疼，而且越来越严重，这时一定要注意了。#健康科普 ,https://www.douyin.com/video/7040008422741249310,合集,1379,00:28,https://www.douyin.com/user/MS4wLjABAAAAjG5iqlHrg-6ttwiYjOUUSoBKG6UlCjoLi4ZY8s0t4XK5V4Z4WxBNmajqFH7KLkQh,内分泌专家李爱国,3小时前
得了糖尿病，这糖还能吃吗？#健康 #健康养生 #健康最重要 #健康科普 #健康dou起来 @抖音小助手 ,https://www.douyin.com/video/6984386984521338119,,426,02:12,https://www.douyin.com/user/MS4wLjABAAAAlIoKCdFUqqq-qFZ-_1i31A2qfNQqtMqzu8fK1uPBjMI,心血管内科王占胜,4月前
糖尿病的危害究竟有多大？你必须要知道！#糖尿病 @抖音小助手 @抖音健康 ,https://www.douyin.com/video/6988081398112390431,合集,2274,01:30,https://www.douyin.com/user/MS4wLjABAAAAhLBt7i6yxmTC2vJwd8Er78gtomzIAFrhKIYynlTW25w,内分泌科付留俊,4月前
糖尿病10年，知道糖血糖控制不好的危害，却糕点不断、水果随便#糖尿病 #高血糖 ,https://www.douyin.com/video/7023190198624324878,,2063,04:03,https://www.douyin.com/user/MS4wLjABAAAAJOzdDV4Jox4eX7HgE7WmRO6ZH0wuWY4rLsc0L4tiNh-2USqgM6xsye3Jg8mS8txq,李梅医生说糖尿病,1月前
糖尿病人能不能吃杨梅 #糖尿病 #糖尿病饮食 ,https://www.douyin.com/video/6979412147742788871,合集,3748,00:34,https://www.douyin.com/user/MS4wLjABAAAAXfHO1My4IccC9NutDj7_7W5GFjSqWHKlKk5Ju_MgPGI9p3PSQIu0FLtLLR4T8f0S,邹大进医生,5月前
糖尿病患者可以吃哪些水果？ #糖尿病饮食  #水果  #宅春节涨知识,https://www.douyin.com/video/6929381527373565192,,3.3w,00:36,https://www.douyin.com/user/MS4wLjABAAAAoSxHz7HhhQhEQEu3NOycuz6vfG44y0YR2ZBTxx0QT7nStEJgLri2cFFndnmjTb_F,听我说血糖,9月前
糖尿病患者可以吃的水果#糖尿病科普,https://www.douyin.com/video/6839255502078151943,,1.3w,01:05,https://www.douyin.com/user/MS4wLjABAAAAD8ijiQF8j3-UjJ8Q9-JoathXsmBhQeDC6BI93cExEB-QouOv_s_mrIzI_KESYbEy,内科李大夫,1年前
#糖尿病 患者体重下降是怎么回事？#健康科普 #我的门诊故事 ,https://www.douyin.com/video/7005501735687048461,,8804,00:29,https://www.douyin.com/user/MS4wLjABAAAAjG5iqlHrg-6ttwiYjOUUSoBKG6UlCjoLi4ZY8s0t4XK5V4Z4WxBNmajqFH7KLkQh,内分泌专家李爱国,3月前
#李焱主任糖尿病如何自我管理#糖尿病 #自我管理 @DOU+小助手 ,https://www.douyin.com/video/7012442832640281886,合集,6203,01:07,https://www.douyin.com/user/MS4wLjABAAAAttnuwgJBI0Kp1-EgbmgDICqIz3etuQ3t7yxqmIFcYXLyQfNTZ0hOzIz4k0Yv0zkD,李焱主任,2月前
空腹血糖5 点几，也有可能是糖尿病 #血糖 #糖耐量 #糖尿病科普,https://www.douyin.com/video/6937945830477270308,,5834,00:30,https://www.douyin.com/user/MS4wLjABAAAAxjl17z-31dXFiJJ9eeXPZyHrn6OvqpCoXa-cK6j3npU0p2Y4vVhqtfLgPYEkLgzJ,糖尿病专家顾耀,8月前
走路可以降血糖是真的吗？#糖尿病@DOU+小助手,https://www.douyin.com/video/7025901930241215783,,1.8w,01:15,https://www.douyin.com/user/MS4wLjABAAAAIh4PYQ_S9jTg-G8nImuO45jgN9OPP13ESSaeADxrNMvHoIdKDc6LF3XA3P0zie72,晓光说药,1月前
糖尿病运动降糖：8个注意事项，6类人为禁忌！#健康 #健康养生 #健康科普 #健康dou起来 @抖音小助手 ,https://www.douyin.com/video/6982897267137072421,,894,03:48,https://www.douyin.com/user/MS4wLjABAAAAlIoKCdFUqqq-qFZ-_1i31A2qfNQqtMqzu8fK1uPBjMI,心血管内科王占胜,5月前
#糖尿病 患者要学会合理饮食，既保证#营养 又对#血糖 影响Zui小#医学科普 #糖尿病科普 @DOU+小助手,https://www.douyin.com/video/6907532424356334848,,9509,00:44,https://www.douyin.com/user/MS4wLjABAAAABI0zAr-bk_SNYAzsyj5-Ogss4WnIEHvdibaahx9a1Eo,鲁平大夫,11月前
为什么现在那么多人得糖尿病？#糖尿病 ,https://www.douyin.com/video/6993248903621512485,,2376,01:01,https://www.douyin.com/user/MS4wLjABAAAAVS5OBFKG6xgtEu5IoUHBYNz5zt6yM1qwPa56m1gb2qg,孙苏欣讲糖,4月前
医生提醒！越吃越饿？可能糖尿病找上门,https://www.douyin.com/video/6858180252548533511,,2.0w,01:01,https://www.douyin.com/user/MS4wLjABAAAAt6AsGhjrHeoxZNkceYg2J0FWvrWKzEaTAvF44-sPYco,央视财经,1年前
糖友浑身都痛，是怎么回事#糖尿病 #痛 #糖尿病科普 ,https://www.douyin.com/video/7012497040118729998,合集,5755,00:40,https://www.douyin.com/user/MS4wLjABAAAAXfHO1My4IccC9NutDj7_7W5GFjSqWHKlKk5Ju_MgPGI9p3PSQIu0FLtLLR4T8f0S,邹大进医生,2月前
血糖高了就一定是得了糖尿病吗？ #高血糖  #糖尿病  #医学科普 ,https://www.douyin.com/video/6975749313649495303,,3720,00:57,https://www.douyin.com/user/MS4wLjABAAAAHlcaf1uBZjM0O-Kk-qm5cc_myObLst_VC5raotIdUfiulUIZew2o3R_ElOcbhte5,肾病科安海燕医生,5月前
吃糖会不会得糖尿病，爱吃甜食的朋友看过来！,https://www.douyin.com/video/6780997531775110408,合集,6508,02:17,https://www.douyin.com/user/MS4wLjABAAAAYGzkiXoanlk-DR1Wcky_7DTuqiCXir2LgZXpOh6uLB4,养生堂,1年前
出现这些症状，要警惕可能有糖尿病 #糖尿病 #医学科普,https://www.douyin.com/video/6868958200511630599,,3896,00:40,https://www.douyin.com/user/MS4wLjABAAAAoSxHz7HhhQhEQEu3NOycuz6vfG44y0YR2ZBTxx0QT7nStEJgLri2cFFndnmjTb_F,听我说血糖,1年前
走路就可以降血糖是真的吗？#糖尿病 #降糖 #运动降血糖,https://www.douyin.com/video/7028130960969354533,,7.2w,01:20,https://www.douyin.com/user/MS4wLjABAAAAq5_kflNF3V6wJJSVx0hVSlY3Z84ybCISMNYXnxWm5y4,吕军医生,1月前
#李焱主任 糖尿病的并发症是必然的吗 #糖尿病 #健康科普 #医学科普  #糖尿病并发症,https://www.douyin.com/video/6960495987437702413,合集,1.1w,00:25,https://www.douyin.com/user/MS4wLjABAAAAttnuwgJBI0Kp1-EgbmgDICqIz3etuQ3t7yxqmIFcYXLyQfNTZ0hOzIz4k0Yv0zkD,李焱主任,7月前
非常感谢官方提供抖音这样的平台，让我能够与大家进行交流，大家如果有糖尿病方面的问题可以问我，我会尽力为大家解答。#糖尿病 #健康科普 ,https://www.douyin.com/video/7039611022004505887,,2857,00:33,https://www.douyin.com/user/MS4wLjABAAAAjG5iqlHrg-6ttwiYjOUUSoBKG6UlCjoLi4ZY8s0t4XK5V4Z4WxBNmajqFH7KLkQh,内分泌专家李爱国,1天前
赶紧收藏，6种纯天然的降糖食物#降糖 #糖尿病 #食疗 #中医养生 #健康科普,https://www.douyin.com/video/6843259996298382592,合集,15.4w,00:29,https://www.douyin.com/user/MS4wLjABAAAAVtpvrQ5AVGvNSzlpFAUqU9-PvEHwA9PlwtaGeRaATGCPPnQTA23VGJXvFSxkj25V,中医姚主任,1年前
糖bing前期逆转关键两点一定要知道！#医学科普 @抖音健康,https://www.douyin.com/video/6949099657561672991,,3366,01:00,https://www.douyin.com/user/MS4wLjABAAAAhLBt7i6yxmTC2vJwd8Er78gtomzIAFrhKIYynlTW25w,内分泌科付留俊,8月前
餐后血糖特别高，注意6个饮食细节 #餐后血糖 #糖尿病饮食 #杂粮饭 ,https://www.douyin.com/video/7023307331924462851,合集,1.9w,01:32,https://www.douyin.com/user/MS4wLjABAAAAoSxHz7HhhQhEQEu3NOycuz6vfG44y0YR2ZBTxx0QT7nStEJgLri2cFFndnmjTb_F,听我说血糖,1月前
王主任讲【导致糖尿病的原因有哪些】#大医本草堂 #王鸿谟主任 ,https://www.douyin.com/video/6738213847431236876,,3885,01:58,https://www.douyin.com/user/MS4wLjABAAAA8Ucop5FJjPIIIPA0DHQjMLkxwN7UfYHsK8c-NxxilK8,大医本草堂,2年前
糖尿病手术指的是#减重手术 ，针对的是这部分人。#糖尿病 #肥胖,https://www.douyin.com/video/6965672764346797319,,4070,01:09,https://www.douyin.com/user/MS4wLjABAAAABI0zAr-bk_SNYAzsyj5-Ogss4WnIEHvdibaahx9a1Eo,鲁平大夫,6月前
为什么年轻人得糖尿病的越来越多？今天是胰岛素发现100周年，今晚19点锁定央视新闻，一起来聊聊~#医问到底,https://www.douyin.com/video/6951321523584093471,,28.2w,00:19,https://www.douyin.com/user/MS4wLjABAAAAgq8cb7cn9ByhZbmx-XQDdRTvFzmJeBBXOUO4QflP96M,央视新闻,7月前
糖尿病人，能吃水果吗？#清风计划,https://www.douyin.com/video/6753158094416530696,,5645,00:57,https://www.douyin.com/user/MS4wLjABAAAA7svG5EB1INLdkgi2zkMb0VJAeysaGXsYkXqlZ4QLNi8,心血管王医生,2年前
到底血糖多少才算糖尿病？你知道吗？快为家人收藏吧！#糖尿症#血糖@抖音小助手,https://www.douyin.com/video/6814796990669425932,,1.4w,00:51,https://www.douyin.com/user/MS4wLjABAAAAucYP6OJSq3uOEVRSJaPfckljK3jxuCT-urQ_GTJ1IEmwd_mGhalFdv4Txxzu04G8,中医董博士,1年前
#暑期知识大作战 糖尿病治疗的三个雷区一定要注意,https://www.douyin.com/video/6861889847485811981,,6898,01:54,https://www.douyin.com/user/MS4wLjABAAAAD8ijiQF8j3-UjJ8Q9-JoathXsmBhQeDC6BI93cExEB-QouOv_s_mrIzI_KESYbEy,内科李大夫,1年前
 王主任讲：【特色治疗：色诊糖尿病】 #大医本草堂 #王鸿谟主任 ,https://www.douyin.com/video/6738587068148075784,,2.3w,02:12,https://www.douyin.com/user/MS4wLjABAAAA8Ucop5FJjPIIIPA0DHQjMLkxwN7UfYHsK8c-NxxilK8,大医本草堂,2年前
糖尿病自我管理,https://www.douyin.com/video/7039576276335643945,,784,01:01,https://www.douyin.com/user/MS4wLjABAAAA4vZ4ChzzbZW2-bI733aY7uqCMqh5aRnpbEvyuXUAHbg,周大亮医生,1天前
糖尿病患者能吃大米饭吗？#健康 ,https://www.douyin.com/video/6990150379665132837,,9561,00:40,https://www.douyin.com/user/MS4wLjABAAAA062xLtYILS8e4yU1ZsATqW6KHo9dqQKV8i7bjvPxjSqi1DyT73OLAa3gAmLwUtAr,韩昕健医生,4月前
20年了，终于跟糖尿病说拜拜咯，开心！#健康 #减重手术 #糖尿病并发症,https://www.douyin.com/video/6918310767360101636,合集,4.1w,00:31,https://www.douyin.com/user/MS4wLjABAAAAKPaaexAufLUJg8THbc-nEQLLL6T76BC594xcuNsx4oY,孟化医学在线,10月前
糖尿病出现肢端疼痛、麻木、感觉减退，有3个注意事项！#科普健康知识 #医学科普 #健康科普 #涨知识 #健康真相官 #健康养生小知识 #健康dou起来 @抖音小助手 ,https://www.douyin.com/video/7001826638774177032,,2251,01:37,https://www.douyin.com/user/MS4wLjABAAAAlIoKCdFUqqq-qFZ-_1i31A2qfNQqtMqzu8fK1uPBjMI,心血管内科王占胜,3月前
#糖尿病 人不宜多吃！这类蔬菜淀粉含量高，堪比主食#健康真相官,https://www.douyin.com/video/6910486079497866509,,1.0w,00:34,https://www.douyin.com/user/MS4wLjABAAAAg-2yC_pb8oDutvfu-ClglW2QK9nmcDuH2eekpQGOXvo,约见名医,11月前
糖尿病影响X功能？#健康 #高血糖 #王世东 ,https://www.douyin.com/video/7039236981120847112,,4196,00:05,https://www.douyin.com/user/MS4wLjABAAAAqAXbegB8g_ZuDLDHNGekdVWH_MkpgRBcXFYex4N64ZbLXX19r_6_jPmx3bLP7Kzq,王世东主任,2天前
糖尿病前期有机会逆转，教你两招,https://www.douyin.com/video/6918285705709964556,合集,2.2w,00:38,https://www.douyin.com/user/MS4wLjABAAAAGVVmlvrS5AX1CnKAzUy00AUVj4t1W9aP94l7qI2bUWI,陈晨脑科医生,10月前
这位糖尿病人的生活方式你怎么看？#抖来涨知识 #医学科普 #这个视频有点料,https://www.douyin.com/video/6940210429683633440,,5087,01:06,https://www.douyin.com/user/MS4wLjABAAAAyUYSI-jS6EXKebiIDJb10RITQ7iK_hHGnBy6gJaSxHg,李青大夫,8月前
糖尿病真相：我的血糖该用药吗？#这个视频有点料 #科普 #糖尿病 @抖音小助手,https://www.douyin.com/video/6854464742535236867,,6177,00:58,https://www.douyin.com/user/MS4wLjABAAAAyUYSI-jS6EXKebiIDJb10RITQ7iK_hHGnBy6gJaSxHg,李青大夫,1年前
#糖尿病 要拒绝碳水化合物？不可，教你正确的吃。#糖尿病饮食 #健康科普 ,https://www.douyin.com/video/6981712164713139486,合集,1.5w,00:47,https://www.douyin.com/user/MS4wLjABAAAABI0zAr-bk_SNYAzsyj5-Ogss4WnIEHvdibaahx9a1Eo,鲁平大夫,5月前
以下症状是#糖尿病 来临的危险信号！出现一条都要开始警惕了#十万个怎么做 #世界糖尿病日,https://www.douyin.com/video/6894891408256191751,,7943,00:43,https://www.douyin.com/user/MS4wLjABAAAAg-2yC_pb8oDutvfu-ClglW2QK9nmcDuH2eekpQGOXvo,约见名医,1年前
到底什么是假性#糖尿病 呢？#糖尿病科普 #糖尿病并发症,https://www.douyin.com/video/6930561690601901327,,1193,00:50,https://www.douyin.com/user/MS4wLjABAAAABI0zAr-bk_SNYAzsyj5-Ogss4WnIEHvdibaahx9a1Eo,鲁平大夫,9月前
#血糖高 一定是#糖尿病 吗？#健康 #科普,https://www.douyin.com/video/6939461578362244386,,7143,00:41,https://www.douyin.com/user/MS4wLjABAAAAQmqLUAEjZw4BZSnEjD20uhFe1j8oNWm2JJfjH7aK_aUsuwFp6De5dgzSlL3SSgDV,庄慧魁主任,8月前
#糖尿病分为前期中期和后期，看看您在哪一阶段？#健康科普 #四川 ,https://www.douyin.com/video/7013607223716777223,,1526,00:51,https://www.douyin.com/user/MS4wLjABAAAABaZejiHXFI9ZGM_thNkOmh9EsWiOm0SFwbGRAftJ8I_Bam_H8GGs4EJzgxCWwgZc,中医钟博士,2月前
控制血糖的五个误区#高血糖 #燃炸我的科普 @DOU+小助手,https://www.douyin.com/video/7007705083399916812,,1.8w,01:16,https://www.douyin.com/user/MS4wLjABAAAAIh4PYQ_S9jTg-G8nImuO45jgN9OPP13ESSaeADxrNMvHoIdKDc6LF3XA3P0zie72,晓光说药,2月前
"诊断糖尿病,这5个数字，你一定要知道！#高血糖 #糖尿病",https://www.douyin.com/video/6985846968195108100,,4594,01:22,https://www.douyin.com/user/MS4wLjABAAAAXvlS0q3cobQfc7d6j8f2etxi85K3dlzGmEzDch0yKm1iDlKZHaulXWQXmZEjhBiO,内科邓晋红,4月前
糖尿病人常见的眼病有哪些？,https://www.douyin.com/video/6995878696364150030,,6424,04:12,https://www.douyin.com/user/MS4wLjABAAAAuHTgfCubI_jQUh5Xdr4Ss5CvBX1cI64xl0v2nQz2Y6nj-YoMB3qHDPSa-99xEOyc,北大眼科骏大夫,3月前
1型糖尿病，血糖不稳怎么办#糖尿病 #控糖 ,https://www.douyin.com/video/6996838009815469345,合集,960,00:40,https://www.douyin.com/user/MS4wLjABAAAAXfHO1My4IccC9NutDj7_7W5GFjSqWHKlKk5Ju_MgPGI9p3PSQIu0FLtLLR4T8f0S,邹大进医生,3月前
年轻人血糖标准记住5678#糖尿病 #糖尿病科普 ,https://www.douyin.com/video/6990557668809133342,,7761,00:38,https://www.douyin.com/user/MS4wLjABAAAAxjl17z-31dXFiJJ9eeXPZyHrn6OvqpCoXa-cK6j3npU0p2Y4vVhqtfLgPYEkLgzJ,糖尿病专家顾耀,4月前
吃糖多了就会得糖尿病吗？糖吃多了虽然不好，但是这次真不能全怪它。,https://www.douyin.com/video/7000963265438240030,,2.0w,01:04,https://www.douyin.com/user/MS4wLjABAAAAMqsBIZGfVFDWYE-Ll7MB7Dluw-2NczQA_aChqPye0qbcMgyGbHjpyBtGL55tGJ-k,心中有术,3月前
血糖超出正常范围之外生活中应该注意些什么,https://www.douyin.com/video/7023574927932493056,,3.1w,00:30,https://www.douyin.com/user/MS4wLjABAAAAQevDFM6aXR-OI5w6aMR20E3N8y96QoqbihFA9LhMG2JR3xSUBn6hVWdDixG3OSlY,心内常佩芬教授,1月前
#糖尿病饮食 该怎么吃？面条，红薯都能吃吗？#控糖  #科普 @DOU+小助手,https://www.douyin.com/video/6944998223698218275,,1.1w,00:40,https://www.douyin.com/user/MS4wLjABAAAABI0zAr-bk_SNYAzsyj5-Ogss4WnIEHvdibaahx9a1Eo,鲁平大夫,8月前
空腹血糖19点多，糖尿病一定要引起足够重视，预告并发症#健康 #减重手术 #糖尿病 ,https://www.douyin.com/video/7007641090136231204,,663,00:54,https://www.douyin.com/user/MS4wLjABAAAAMTXOGc102peTFUZ9SH7jDbWDAtvCjNjEW0sQOAp2VfowJkIFVx4dqvBKpJHxy-i_,张能维医生,2月前
四类水果 糖友们福音 放心吃#健康dou起来 #糖尿病,https://www.douyin.com/video/6791770896383102222,,1.7w,01:05,https://www.douyin.com/user/MS4wLjABAAAAD8ijiQF8j3-UjJ8Q9-JoathXsmBhQeDC6BI93cExEB-QouOv_s_mrIzI_KESYbEy,内科李大夫,1年前
你以为糖尿病离你很远？要当心啊~#控糖 #高血糖 #医学科普 #健康科普 #知识科普 #健康生活 ,https://www.douyin.com/video/7019179769552031007,,2737,00:48,https://www.douyin.com/user/MS4wLjABAAAADpTiEpkjX_fXgDZudeIOTE1fqPky6GK_mbCF0-8jYTA,聊健康的崔主任,1月前
瘦的糖尿病患者，怎么才能长胖一些？#太瘦 #消瘦 #体重下降 ,https://www.douyin.com/video/7022510288951872804,,6037,01:00,https://www.douyin.com/user/MS4wLjABAAAAoSxHz7HhhQhEQEu3NOycuz6vfG44y0YR2ZBTxx0QT7nStEJgLri2cFFndnmjTb_F,听我说血糖,1月前
每一位糖尿病人与家属都应该知道的事#医师节 #糖尿病 ,https://www.douyin.com/video/6997969775544536357,,1.7w,00:52,https://www.douyin.com/user/MS4wLjABAAAAHlcaf1uBZjM0O-Kk-qm5cc_myObLst_VC5raotIdUfiulUIZew2o3R_ElOcbhte5,肾病科安海燕医生,3月前
手术治疗糖尿病？要严格把握适应症。 #减重代谢手术  #减重手术  #糖尿病知识科普,https://www.douyin.com/video/6954217158364728613,,4695,01:14,https://www.douyin.com/user/MS4wLjABAAAAoSxHz7HhhQhEQEu3NOycuz6vfG44y0YR2ZBTxx0QT7nStEJgLri2cFFndnmjTb_F,听我说血糖,7月前
对于糖尿病的朋友，有件事比血糖高伤害更大！#医学科普 #健康科普 #健康生活 ,https://www.douyin.com/video/7011280074443984164,,1961,02:51,https://www.douyin.com/user/MS4wLjABAAAAXcZZpN5MrjJZPArKpQ_dLA5MrQHJ7DQEkUwve-rzTs565fnTyFzIpYhunyFM014K,心血管赵宏伟医生,2月前
只有糖化超过6.5，也算糖尿病吗？#糖尿病 #糖尿病科普 ,https://www.douyin.com/video/7007707217369533709,合集,4256,00:33,https://www.douyin.com/user/MS4wLjABAAAAXfHO1My4IccC9NutDj7_7W5GFjSqWHKlKk5Ju_MgPGI9p3PSQIu0FLtLLR4T8f0S,邹大进医生,2月前
糖尿病有新标准了吗？#燃炸我的科普 #糖尿病@DOU+小助手,https://www.douyin.com/video/7011047785227193612,,2200,00:55,https://www.douyin.com/user/MS4wLjABAAAAIh4PYQ_S9jTg-G8nImuO45jgN9OPP13ESSaeADxrNMvHoIdKDc6LF3XA3P0zie72,晓光说药,2月前
#李焱主任 是不是不吃糖的人就不容易得糖尿病 #健康科普 #医学科普  #糖尿病饮食,https://www.douyin.com/video/6960197238693956877,合集,1.2w,00:31,https://www.douyin.com/user/MS4wLjABAAAAttnuwgJBI0Kp1-EgbmgDICqIz3etuQ3t7yxqmIFcYXLyQfNTZ0hOzIz4k0Yv0zkD,李焱主任,7月前
第662篇，#糖尿病 每天吃饭要避开四个误区,https://www.douyin.com/video/6937111842078706956,合集,1.4w,00:29,https://www.douyin.com/user/MS4wLjABAAAAGVVmlvrS5AX1CnKAzUy00AUVj4t1W9aP94l7qI2bUWI,陈晨脑科医生,9月前
开导#糖尿病 患者！#医者仁心 #健康科普 ,https://www.douyin.com/video/7021406239976361252,合集,8214,01:34,https://www.douyin.com/user/MS4wLjABAAAAjG5iqlHrg-6ttwiYjOUUSoBKG6UlCjoLi4ZY8s0t4XK5V4Z4WxBNmajqFH7KLkQh,内分泌专家李爱国,1月前
控制#血糖，“管住嘴，迈开腿”#健康科普 #四川 ,https://www.douyin.com/video/7012822709897841959,,7270,00:51,https://www.douyin.com/user/MS4wLjABAAAABaZejiHXFI9ZGM_thNkOmh9EsWiOm0SFwbGRAftJ8I_Bam_H8GGs4EJzgxCWwgZc,中医钟博士,2月前
糖尿病严重了会出现什么后果 @震洋健康  @中医陈其华医生 #健康真相官  #知识创作人,https://www.douyin.com/video/6914571963516112136,,877,00:45,https://www.douyin.com/user/MS4wLjABAAAAIWrqtjZIcosga2_-czt6XAHsNoFIfbgxdDow_IxhNeHK3kqMP9Bp8JFj0OQ8gk8g,袁光雄医生,11月前
如何判断自己是否得了糖尿病？#糖尿病 #医学科普 #健康科普 ,https://www.douyin.com/video/7015399890259807495,,1278,02:47,https://www.douyin.com/user/MS4wLjABAAAAJOzdDV4Jox4eX7HgE7WmRO6ZH0wuWY4rLsc0L4tiNh-2USqgM6xsye3Jg8mS8txq,李梅医生说糖尿病,2月前
#糖尿病 患者，跟我#远程看诊 竟然偷偷抽烟，太过分了！#我的门诊故事 ,https://www.douyin.com/video/7004658663470222600,合集,5.1w,00:41,https://www.douyin.com/user/MS4wLjABAAAAjG5iqlHrg-6ttwiYjOUUSoBKG6UlCjoLi4ZY8s0t4XK5V4Z4WxBNmajqFH7KLkQh,内分泌专家李爱国,3月前
#糖尿病 患者可以吃鸡蛋吗？#健康科普仅供参考 ,https://www.douyin.com/video/7009578817668926751,合集,1.0w,00:19,https://www.douyin.com/user/MS4wLjABAAAAjG5iqlHrg-6ttwiYjOUUSoBKG6UlCjoLi4ZY8s0t4XK5V4Z4WxBNmajqFH7KLkQh,内分泌专家李爱国,2月前
糖尿病S术是微创S术吗？#糖尿病手术 ,https://www.douyin.com/video/6980277928483360011,,7066,01:04,https://www.douyin.com/user/MS4wLjABAAAAKPaaexAufLUJg8THbc-nEQLLL6T76BC594xcuNsx4oY,孟化医学在线,5月前
警惕甜蜜陷阱！ #科普  #二型糖尿病 ,https://www.douyin.com/video/6982058030502382861,,3.5w,01:33,https://www.douyin.com/user/MS4wLjABAAAAd2SoOO020RyRJI8wJGJt5oH8CwqixxAQmd7138DMSZo,丁香医生,5月前
一年两次糖尿病酮症，背后原因给你警醒 #医学科普 #医学常识 #健康科普,https://www.douyin.com/video/6988105268362005764,,1856,00:59,https://www.douyin.com/user/MS4wLjABAAAAyUYSI-jS6EXKebiIDJb10RITQ7iK_hHGnBy6gJaSxHg,李青大夫,4月前
#糖尿病 人还能不能喝酒？权威解答来了#十万个怎么做,https://www.douyin.com/video/6911960723555896583,,1.2w,00:33,https://www.douyin.com/user/MS4wLjABAAAAg-2yC_pb8oDutvfu-ClglW2QK9nmcDuH2eekpQGOXvo,约见名医,11月前
#糖尿病 #糖尿病科普 血糖超过6是不是糖尿病#高血糖 ,https://www.douyin.com/video/6976085557558480143,,1.3w,00:25,https://www.douyin.com/user/MS4wLjABAAAARz9j_M7MXa-9ouVdVcnLp-H3hy32om2DogZjnpEEqRJ8xnVzu9gpHA-6fIwRmWBf,内分泌科宋医生,5月前
血糖偏高不一定是#糖尿病 ，坚持做好四件事，血糖回到正常值！#十万个怎么做 #涨知识,https://www.douyin.com/video/6893408398369459463,,1.7w,00:51,https://www.douyin.com/user/MS4wLjABAAAAg-2yC_pb8oDutvfu-ClglW2QK9nmcDuH2eekpQGOXvo,约见名医,1年前
血糖高就是糖尿病吗？#医学科普 #健康科普 #高血糖 #糖尿病  ,https://www.douyin.com/video/7012998643040947492,,316,00:56,https://www.douyin.com/user/MS4wLjABAAAAl3sdSNEmmmodDdrzPxRbuxcjcKQb-oUI9RPC-gY1p7Wd3HWXdRLJz8mEF8eopAzZ,肾内科杨彦芳,2月前
糖尿病人需要终身服药吗？#健康科普 #孙伟峰医生 ,https://www.douyin.com/video/6987697565441576206,合集,214,00:46,https://www.douyin.com/user/MS4wLjABAAAAL85lwgGcpZkei-B3S3ezHIRaJg9ibOZspmia1RkfyFP1ND5EKJptYN_47D3L6uEc,神经内科孙伟峰医生,4月前
丈夫出现糖尿病，太太应该注意这两方面！ #医学科普  #健康科普 ,https://www.douyin.com/video/6982487396801711368,,248,01:12,https://www.douyin.com/user/MS4wLjABAAAAvBYAZ2AE8KL-7bXkaQlSIiwYPpjrfBAT52rA0l9tQyVznrUBavHjJVsO3di_6aHI,田龙医生,5月前
是真的吗？每天一个鸡蛋，引起糖尿病的发病风险提高60%  #鸡蛋  #糖尿病   #科普 ,https://www.douyin.com/video/6898291716621634827,,1.2w,02:40,https://www.douyin.com/user/MS4wLjABAAAAF5YRxatWMv5tMglPcTvSyWliYURpbHeudZ6uXJdle1k,李瑛,1年前
糖友水果食用清单，放心吃的水果有哪些？ #糖尿病 #医学科普  #水果,https://www.douyin.com/video/6956866127527939365,,8773,01:20,https://www.douyin.com/user/MS4wLjABAAAAVS5OBFKG6xgtEu5IoUHBYNz5zt6yM1qwPa56m1gb2qg,孙苏欣讲糖,7月前
糖尿病患者能喝小米粥吗？ #糖尿病  #饮食 ,https://www.douyin.com/video/6974697526423194917,,8572,00:36,https://www.douyin.com/user/MS4wLjABAAAAVS5OBFKG6xgtEu5IoUHBYNz5zt6yM1qwPa56m1gb2qg,孙苏欣讲糖,5月前
#糖尿病饮食禁忌 别让这些常见的食物，影响了你的健康！#健康科普,https://www.douyin.com/video/6942770115570109730,,3363,00:32,https://www.douyin.com/user/MS4wLjABAAAABI0zAr-bk_SNYAzsyj5-Ogss4WnIEHvdibaahx9a1Eo,鲁平大夫,8月前
经常有糖尿病患者说，医生，我每天都吃药，但是忌嘴太难了……#糖尿病 #忌口,https://www.douyin.com/video/6986475050320825608,,4618,01:24,https://www.douyin.com/user/MS4wLjABAAAAiCLlJaIyM0wiU4c4mLD2Yx6d5DmAM1z_cOTQ6aogpMatzupUQTqtn12PCNZISvu3,群聊卒中,4月前
糖友福音 这些水果可以放心吃,https://www.douyin.com/video/6780617045668007175,,1.2w,01:05,https://www.douyin.com/user/MS4wLjABAAAAD8ijiQF8j3-UjJ8Q9-JoathXsmBhQeDC6BI93cExEB-QouOv_s_mrIzI_KESYbEy,内科李大夫,1年前
#糖尿病足预防比发生更容易。#糖尿病 #医学科普 @DOU+小助手,https://www.douyin.com/video/6961684930938080549,,1314,00:54,https://www.douyin.com/user/MS4wLjABAAAABI0zAr-bk_SNYAzsyj5-Ogss4WnIEHvdibaahx9a1Eo,鲁平大夫,6月前
高糖患者如何正确补充营养#奶粉,https://www.douyin.com/video/6974007073147227425,,6800,01:03,https://www.douyin.com/user/MS4wLjABAAAAyUYSI-jS6EXKebiIDJb10RITQ7iK_hHGnBy6gJaSxHg,李青大夫,5月前
如何吃才能餐后血糖不高？#糖尿病 #糖尿病饮食 ,https://www.douyin.com/video/7012798102537145608,,5485,03:26,https://www.douyin.com/user/MS4wLjABAAAAJOzdDV4Jox4eX7HgE7WmRO6ZH0wuWY4rLsc0L4tiNh-2USqgM6xsye3Jg8mS8txq,李梅医生说糖尿病,2月前
南瓜到底是升血糖还是降血糖？#南瓜 #糖尿病人饮食 #营养健康 ,https://www.douyin.com/video/7008924861112290592,,4.0w,00:47,https://www.douyin.com/user/MS4wLjABAAAAoSxHz7HhhQhEQEu3NOycuz6vfG44y0YR2ZBTxx0QT7nStEJgLri2cFFndnmjTb_F,听我说血糖,2月前
血糖测量高了就是糖尿病吗？#糖尿病 #血糖,https://www.douyin.com/video/6978686035224005919,,2816,02:16,https://www.douyin.com/user/MS4wLjABAAAAiCLlJaIyM0wiU4c4mLD2Yx6d5DmAM1z_cOTQ6aogpMatzupUQTqtn12PCNZISvu3,群聊卒中,5月前
逆转糖尿病，每天运动半小时#糖尿病 #健康真相官 #糖尿病科普,https://www.douyin.com/video/6923107679934188813,,4332,00:40,https://www.douyin.com/user/MS4wLjABAAAAXfHO1My4IccC9NutDj7_7W5GFjSqWHKlKk5Ju_MgPGI9p3PSQIu0FLtLLR4T8f0S,邹大进医生,10月前
糖尿病这些恶化症状，你了解么？,https://www.douyin.com/video/6860627872621628687,,1369,00:59,https://www.douyin.com/user/MS4wLjABAAAAD8ijiQF8j3-UjJ8Q9-JoathXsmBhQeDC6BI93cExEB-QouOv_s_mrIzI_KESYbEy,内科李大夫,1年前
为什么胖人更易得#糖尿病 ？是你的这个脏器亚历山大了！#健康真相官,https://www.douyin.com/video/6895182761150156039,,9352,00:41,https://www.douyin.com/user/MS4wLjABAAAAg-2yC_pb8oDutvfu-ClglW2QK9nmcDuH2eekpQGOXvo,约见名医,1年前
糖尿病的预防，记住这两点很重要。#健康 ,https://www.douyin.com/video/6974942222982663437,,6628,00:39,https://www.douyin.com/user/MS4wLjABAAAA062xLtYILS8e4yU1ZsATqW6KHo9dqQKV8i7bjvPxjSqi1DyT73OLAa3gAmLwUtAr,韩昕健医生,5月前
病程3年的糖友经过调整，血糖稳定可以停药#糖尿病 #血糖 ,https://www.douyin.com/video/6992879653241359623,,1595,00:53,https://www.douyin.com/user/MS4wLjABAAAAVS5OBFKG6xgtEu5IoUHBYNz5zt6yM1qwPa56m1gb2qg,孙苏欣讲糖,4月前
#高血糖 #糖尿病 #王世东 ,https://www.douyin.com/video/7028037124993600776,,2.5w,00:15,https://www.douyin.com/user/MS4wLjABAAAAqAXbegB8g_ZuDLDHNGekdVWH_MkpgRBcXFYex4N64ZbLXX19r_6_jPmx3bLP7Kzq,王世东主任,1月前
糖尿病并发症不得不怕 @震洋健康  @中医谭医生 #成长力计划,https://www.douyin.com/video/6880431825102146829,,5.7w,00:27,https://www.douyin.com/user/MS4wLjABAAAAIWrqtjZIcosga2_-czt6XAHsNoFIfbgxdDow_IxhNeHK3kqMP9Bp8JFj0OQ8gk8g,袁光雄医生,1年前
#糖尿病足 治疗困难预防简单，糖友们有这些症状的时候就要小心了！,https://www.douyin.com/video/6966909695869095168,,1.3w,00:33,https://www.douyin.com/user/MS4wLjABAAAAcAWkCgSZG0sG87RAKE6Lfmx6Ein4mk5ITLxlRNQPSzs,朝阳足踝赵会,6月前
糖友可以吃西瓜吗？#糖尿病 @DOU+小助手 @河豚健康,https://www.douyin.com/video/6989163795243339011,,3438,01:10,https://www.douyin.com/user/MS4wLjABAAAAIh4PYQ_S9jTg-G8nImuO45jgN9OPP13ESSaeADxrNMvHoIdKDc6LF3XA3P0zie72,晓光说药,4月前
空腹血糖升高更严重#糖尿病 #糖尿病科普 #控糖,https://www.douyin.com/video/6931201265435200775,合集,4563,00:41,https://www.douyin.com/user/MS4wLjABAAAAXfHO1My4IccC9NutDj7_7W5GFjSqWHKlKk5Ju_MgPGI9p3PSQIu0FLtLLR4T8f0S,邹大进医生,9月前
预防糖尿病，并不只是不吃糖那么简单，这么吃，可以让概率降低25%#全民健康计划 @河豚健康,https://www.douyin.com/video/6848154733723520271,,2.6w,00:32,https://www.douyin.com/user/MS4wLjABAAAAF5YRxatWMv5tMglPcTvSyWliYURpbHeudZ6uXJdle1k,李瑛,1年前
#糖尿病并发症 #医学科普 ,https://www.douyin.com/video/7006597820463467789,合集,1.6w,00:19,https://www.douyin.com/user/MS4wLjABAAAAjG5iqlHrg-6ttwiYjOUUSoBKG6UlCjoLi4ZY8s0t4XK5V4Z4WxBNmajqFH7KLkQh,内分泌专家李爱国,2月前
糖龄2年的90后，告别胰岛素#糖尿病 #逆转糖尿病  ,https://www.douyin.com/video/7007603954347527461,合集,5777,00:46,https://www.douyin.com/user/MS4wLjABAAAAXfHO1My4IccC9NutDj7_7W5GFjSqWHKlKk5Ju_MgPGI9p3PSQIu0FLtLLR4T8f0S,邹大进医生,2月前
"空腹血糖高就一定是得了糖尿病?医生说,其实这个指标才能判断#糖尿病 #科普 ",https://www.douyin.com/video/6994340677110746376,,1758,01:04,https://www.douyin.com/user/MS4wLjABAAAAwW8_e-SwD9RavYaFrJCsBm5qInK0uT1CqnCiFHpDwR7p4P2Mt0WlPN52_TGrEJiz,黄雯,4月前
糖尿病患者血糖目标控制在多少？#糖尿病 #控糖 ,https://www.douyin.com/video/6998325860981853453,合集,4812,00:46,https://www.douyin.com/user/MS4wLjABAAAAXfHO1My4IccC9NutDj7_7W5GFjSqWHKlKk5Ju_MgPGI9p3PSQIu0FLtLLR4T8f0S,邹大进医生,3月前
第665篇，糖尿病增加饱腹感的五个方法！,https://www.douyin.com/video/6937576410894716163,合集,9491,00:51,https://www.douyin.com/user/MS4wLjABAAAAGVVmlvrS5AX1CnKAzUy00AUVj4t1W9aP94l7qI2bUWI,陈晨脑科医生,9月前
40岁以下的#糖尿病 患者，血糖控制的一定要严格！40岁以上的患者也不能放松警惕！#健康科普 ,https://www.douyin.com/video/7008097129902165285,合集,6583,00:16,https://www.douyin.com/user/MS4wLjABAAAAjG5iqlHrg-6ttwiYjOUUSoBKG6UlCjoLi4ZY8s0t4XK5V4Z4WxBNmajqFH7KLkQh,内分泌专家李爱国,2月前
二型糖尿病，减肥能治好吗？#糖尿病 #糖尿病科普,https://www.douyin.com/video/6959821266245225758,合集,2693,00:53,https://www.douyin.com/user/MS4wLjABAAAAXfHO1My4IccC9NutDj7_7W5GFjSqWHKlKk5Ju_MgPGI9p3PSQIu0FLtLLR4T8f0S,邹大进医生,7月前
2型糖尿病，打针好还是吃药好？#这个视频有点料 #健康 #科普 @南方健康,https://www.douyin.com/video/6808115482508446983,,4475,01:55,https://www.douyin.com/user/MS4wLjABAAAAyUYSI-jS6EXKebiIDJb10RITQ7iK_hHGnBy6gJaSxHg,李青大夫,1年前
糖尿病人，多见疲劳乏力，可能是这些细胞在求救#糖尿病,https://www.douyin.com/video/6821055837692300556,,9523,01:26,https://www.douyin.com/user/MS4wLjABAAAAD8ijiQF8j3-UjJ8Q9-JoathXsmBhQeDC6BI93cExEB-QouOv_s_mrIzI_KESYbEy,内科李大夫,1年前
六种纯天然的降糖食物 #糖尿病  #高血糖  #食疗,https://www.douyin.com/video/6858493326488767752,,3.7w,00:27,https://www.douyin.com/user/MS4wLjABAAAAPH6WuHVUP2sm_qCLxFIpC_omOkk-xYq7UNbH7L1IfDId7XuSjHeSbsVpxuSU2HwV,内科朱医生,1年前
米汤稀饭，这类人要少喝,https://www.douyin.com/video/6944995770592398622,,1428,00:31,https://www.douyin.com/user/MS4wLjABAAAABL9pA7Lmi8TGoPQ9qtx3nQFUusYaqQwOsiM7tOgPWS0,木鱼医生,8月前
"空腹血糖从8-9降到6-7,医生仅仅微调了一下二甲双胍剂型#糖尿病 #空腹血糖 ",https://www.douyin.com/video/7022056799033412895,,5663,03:08,https://www.douyin.com/user/MS4wLjABAAAAJOzdDV4Jox4eX7HgE7WmRO6ZH0wuWY4rLsc0L4tiNh-2USqgM6xsye3Jg8mS8txq,李梅医生说糖尿病,1月前
#餐后血糖 高你知道你的问题出在哪里吗？是它在作怪…#糖尿病 #医学科普 #糖尿病科普,https://www.douyin.com/video/6940169910190492968,,4947,00:42,https://www.douyin.com/user/MS4wLjABAAAABI0zAr-bk_SNYAzsyj5-Ogss4WnIEHvdibaahx9a1Eo,鲁平大夫,8月前
得了糖尿病，其实没那么糟#糖尿病 #糖尿病科普 #生活方式,https://www.douyin.com/video/6887148205482511616,合集,1472,00:37,https://www.douyin.com/user/MS4wLjABAAAAXfHO1My4IccC9NutDj7_7W5GFjSqWHKlKk5Ju_MgPGI9p3PSQIu0FLtLLR4T8f0S,邹大进医生,1年前
警惕！半年就喝出了糖尿病#2019生机大会 #糖尿病 @头条健康 @南方健康,https://www.douyin.com/video/6751379073743736072,,5.6w,01:55,https://www.douyin.com/user/MS4wLjABAAAAyUYSI-jS6EXKebiIDJb10RITQ7iK_hHGnBy6gJaSxHg,李青大夫,2年前
 #高血糖 危害这么大 患者都不敢听下去,https://www.douyin.com/video/6982110251944365319,,1.3w,00:37,https://www.douyin.com/user/MS4wLjABAAAAHlcaf1uBZjM0O-Kk-qm5cc_myObLst_VC5raotIdUfiulUIZew2o3R_ElOcbhte5,肾病科安海燕医生,5月前
胰岛素每天100u，空腹血糖18.9，什么原因？#医学科普 #糖尿病 #健康 @DOU+小助手,https://www.douyin.com/video/6994725192958217475,,9517,01:22,https://www.douyin.com/user/MS4wLjABAAAAyUYSI-jS6EXKebiIDJb10RITQ7iK_hHGnBy6gJaSxHg,李青大夫,4月前
达格列净如何降糖#糖尿病@河豚健康 @DOU+小助手,https://www.douyin.com/video/6972091822399114508,合集,1.7w,01:19,https://www.douyin.com/user/MS4wLjABAAAAIh4PYQ_S9jTg-G8nImuO45jgN9OPP13ESSaeADxrNMvHoIdKDc6LF3XA3P0zie72,晓光说药,6月前
让你不挨饿，增加饱腹感的技巧1  #饥饿  #饱腹感  #肚子饿,https://www.douyin.com/video/6917500150298512653,合集,2.5w,01:13,https://www.douyin.com/user/MS4wLjABAAAAoSxHz7HhhQhEQEu3NOycuz6vfG44y0YR2ZBTxx0QT7nStEJgLri2cFFndnmjTb_F,听我说血糖,10月前
确诊#糖尿病 后，服了药，餐后两小时  #血糖监测还是高，可以查查这些原因 #糖尿病科普,https://www.douyin.com/video/6902325511893077262,,6658,01:03,https://www.douyin.com/user/MS4wLjABAAAAD8ijiQF8j3-UjJ8Q9-JoathXsmBhQeDC6BI93cExEB-QouOv_s_mrIzI_KESYbEy,内科李大夫,1年前
早晨九点多在医院才取空腹血糖，还准吗？ #糖尿病 #血糖 ,https://www.douyin.com/video/7039896334056443139,,684,02:34,https://www.douyin.com/user/MS4wLjABAAAAJOzdDV4Jox4eX7HgE7WmRO6ZH0wuWY4rLsc0L4tiNh-2USqgM6xsye3Jg8mS8txq,李梅医生说糖尿病,1天前
糖友主食怎么吃#糖尿病 #糖尿病饮食 ,https://www.douyin.com/video/7007708802191543589,合集,4211,00:25,https://www.douyin.com/user/MS4wLjABAAAAXfHO1My4IccC9NutDj7_7W5GFjSqWHKlKk5Ju_MgPGI9p3PSQIu0FLtLLR4T8f0S,邹大进医生,2月前
#王鸿谟主任 如何通过Xue糖值判断糖N病 #dou出新知  #大医本草堂,https://www.douyin.com/video/6771628768990727438,合集,1.4w,01:59,https://www.douyin.com/user/MS4wLjABAAAA8Ucop5FJjPIIIPA0DHQjMLkxwN7UfYHsK8c-NxxilK8,大医本草堂,1年前
#糖尿病 是终生的“敌人”，需要长期做斗争，千万不能疏忽了！,https://www.douyin.com/video/6986940242766925096,,2.4w,00:17,https://www.douyin.com/user/MS4wLjABAAAAcAWkCgSZG0sG87RAKE6Lfmx6Ein4mk5ITLxlRNQPSzs,朝阳足踝赵会,4月前
药吃一天停一天？不行#糖尿病 #糖尿病科普 ,https://www.douyin.com/video/7011001213974072588,合集,1996,00:45,https://www.douyin.com/user/MS4wLjABAAAAXfHO1My4IccC9NutDj7_7W5GFjSqWHKlKk5Ju_MgPGI9p3PSQIu0FLtLLR4T8f0S,邹大进医生,2月前
降血糖不要走入误区 #糖尿病  #高血糖 ,https://www.douyin.com/video/6982394651135331597,,9467,00:52,https://www.douyin.com/user/MS4wLjABAAAAHlcaf1uBZjM0O-Kk-qm5cc_myObLst_VC5raotIdUfiulUIZew2o3R_ElOcbhte5,肾病科安海燕医生,5月前
吃错粗粮，血糖肯定高#糖尿病饮食 #糖尿病 #健康真相官,https://www.douyin.com/video/6909009913029168392,合集,1.3w,00:36,https://www.douyin.com/user/MS4wLjABAAAAXfHO1My4IccC9NutDj7_7W5GFjSqWHKlKk5Ju_MgPGI9p3PSQIu0FLtLLR4T8f0S,邹大进医生,11月前
糖尿病患者监测血管测几次？#我为医者 #糖尿病 #健康,https://www.douyin.com/video/6847809444739419407,,1.3w,00:36,https://www.douyin.com/user/MS4wLjABAAAAXfHO1My4IccC9NutDj7_7W5GFjSqWHKlKk5Ju_MgPGI9p3PSQIu0FLtLLR4T8f0S,邹大进医生,1年前
你有这些症状吗？#医学科普 @DOU+小助手,https://www.douyin.com/video/6995436567796010272,合集,4.6w,00:25,https://www.douyin.com/user/MS4wLjABAAAAIh4PYQ_S9jTg-G8nImuO45jgN9OPP13ESSaeADxrNMvHoIdKDc6LF3XA3P0zie72,晓光说药,3月前
糖尿病饮食计算，是按生重还是按熟重？ #糖尿病饮食  #健康饮食  #科普,https://www.douyin.com/video/6934922499788410149,合集,4.5w,00:46,https://www.douyin.com/user/MS4wLjABAAAAoSxHz7HhhQhEQEu3NOycuz6vfG44y0YR2ZBTxx0QT7nStEJgLri2cFFndnmjTb_F,听我说血糖,9月前
年轻得了糖尿病，早期控制很关键 #糖尿病 #降血糖 #糖尿病科普,https://www.douyin.com/video/6940095105080593694,,1327,00:23,https://www.douyin.com/user/MS4wLjABAAAAI-fjD_svt0whoX9ZZ5A3feLrJjnc8iHznPI-T0gT27hPUFFIs4hBHs3dwfbZ53Pi,陆志强讲内分泌,8月前
#糖尿病 患者怎么会出现低血糖呢？#医学科普 #四川 ,https://www.douyin.com/video/7004022117918330142,,801,01:21,https://www.douyin.com/user/MS4wLjABAAAABaZejiHXFI9ZGM_thNkOmh9EsWiOm0SFwbGRAftJ8I_Bam_H8GGs4EJzgxCWwgZc,中医钟博士,3月前
糖尿病患者血糖控制不好对身体有哪些危害？#健康中国科普#健康大咖来了@北京大学第一医院内分泌内科主任医师郭晓蕙,https://www.douyin.com/video/6955774744213884173,合集,2679,01:53,https://www.douyin.com/user/MS4wLjABAAAAAdC548JiARqnjAJ0ZXajmlaEXoS8z-DRzMUUD0kkQ4U,健康中国,7月前
#糖尿病 也能吃的水果清单，吃对还能控制#高血糖，赶紧收藏！#健康  @抖音小助手,https://www.douyin.com/video/6888562206347218190,合集,7622,00:59,https://www.douyin.com/user/MS4wLjABAAAAl-qOANULh2iWWGt2QzSufJiLOf6YMABWt1-nNfDxyaJHzdDyO7MaeojzCXjKCIZx,王小云女性调养,1年前
#降血糖 教你一招！ #健康真相官  #医者名片,https://www.douyin.com/video/6895595149628296461,,1.2w,00:37,https://www.douyin.com/user/MS4wLjABAAAArvPc2GHZqwoXxr740BgVIkKz8pIOuul2V6ixJJnnJJRA9OTN3f0QNOFNsND69nii,暖医阿邱,1年前
发现糖尿病一定要吃药吗？#这个视频有点料 #健康 #科普 @南方健康 @抖音小助手,https://www.douyin.com/video/6812533010446044420,,2663,00:51,https://www.douyin.com/user/MS4wLjABAAAAyUYSI-jS6EXKebiIDJb10RITQ7iK_hHGnBy6gJaSxHg,李青大夫,1年前
糖尿病前期有多可怕，需要激励干预。#中医 #糖尿病,https://www.douyin.com/video/6926061498678758664,,976,00:33,https://www.douyin.com/user/MS4wLjABAAAAqAXbegB8g_ZuDLDHNGekdVWH_MkpgRBcXFYex4N64ZbLXX19r_6_jPmx3bLP7Kzq,王世东主任,10月前
糖尿病是吃出来的吗？ #吃出来  #吃出来的健康  #糖尿病科普  #全民健康计划  @河豚健康,https://www.douyin.com/video/6907203042060389639,,3669,00:44,https://www.douyin.com/user/MS4wLjABAAAAoSxHz7HhhQhEQEu3NOycuz6vfG44y0YR2ZBTxx0QT7nStEJgLri2cFFndnmjTb_F,听我说血糖,11月前
糖尿病为何是万恶之源？看到最后震惊了！#糖尿病科普 @抖音小助手,https://www.douyin.com/video/6834777615807614216,,9307,01:00,https://www.douyin.com/user/MS4wLjABAAAAblHDQVv7xTIQG1CjWW3eyPYbunlyLj6G15ry0bJrK9uU5YQKnm3trymJazeTvj6L,木愚医生,1年前
糖尿病人减肥太快害怕了#这个视频有点料 #健康 #科普,https://www.douyin.com/video/6824472362382118147,,2.3w,01:24,https://www.douyin.com/user/MS4wLjABAAAAyUYSI-jS6EXKebiIDJb10RITQ7iK_hHGnBy6gJaSxHg,李青大夫,1年前
血糖多少算糖尿病前期#糖尿病 #糖尿病科普,https://www.douyin.com/video/6890484699987332352,合集,2851,00:37,https://www.douyin.com/user/MS4wLjABAAAAXfHO1My4IccC9NutDj7_7W5GFjSqWHKlKk5Ju_MgPGI9p3PSQIu0FLtLLR4T8f0S,邹大进医生,1年前
糖尿病出现低血糖，有5个注意事项！#健康 #健康科普 #健康dou起来 #健康最重要 @抖音小助手 ,https://www.douyin.com/video/7003477888662064392,,359,02:22,https://www.douyin.com/user/MS4wLjABAAAAlIoKCdFUqqq-qFZ-_1i31A2qfNQqtMqzu8fK1uPBjMI,心血管内科王占胜,3月前
辟谣！这几个糖尿病谣言你一定听过#糖尿病 #糖尿病科普 #健康,https://www.douyin.com/video/6878554619530808589,,9157,00:41,https://www.douyin.com/user/MS4wLjABAAAAXfHO1My4IccC9NutDj7_7W5GFjSqWHKlKk5Ju_MgPGI9p3PSQIu0FLtLLR4T8f0S,邹大进医生,1年前
#医学科普 得了糖尿病不要慌，可以这么办  #糖尿病  #DOU上热门,https://www.douyin.com/video/6850026828338302215,,3818,00:43,https://www.douyin.com/user/MS4wLjABAAAA53ik1gf7AgWIYeylzQXNXkd92EATRWy965xrLzcqQDLxQ_OBixEKyLa31Pr2DF12,北京阜外医院心血管孔博,1年前
空腹8-10危险吗？#控糖 #糖尿病  ,https://www.douyin.com/video/7028148552782155038,,8268,00:36,https://www.douyin.com/user/MS4wLjABAAAAXfHO1My4IccC9NutDj7_7W5GFjSqWHKlKk5Ju_MgPGI9p3PSQIu0FLtLLR4T8f0S,邹大进医生,1月前
妊娠糖尿病系列视频来啦！#糖尿病 ,https://www.douyin.com/video/7040235670283029767,,38,01:46,https://www.douyin.com/user/MS4wLjABAAAAJOzdDV4Jox4eX7HgE7WmRO6ZH0wuWY4rLsc0L4tiNh-2USqgM6xsye3Jg8mS8txq,李梅医生说糖尿病,3小时前
餐后血糖就升高，注意一定要掌握这四条饮食细节#健康#糖尿病#降糖,https://www.douyin.com/video/6808337318634589451,,4319,00:47,https://www.douyin.com/user/MS4wLjABAAAAD8ijiQF8j3-UjJ8Q9-JoathXsmBhQeDC6BI93cExEB-QouOv_s_mrIzI_KESYbEy,内科李大夫,1年前
糖尿病逆转经验分享,https://www.douyin.com/video/6956275480358046979,,2431,03:44,https://www.douyin.com/user/MS4wLjABAAAA-9RDtCKbgT40O0R-oBSbhHvdCKTKcYXNXcr-cYh_4kmwZUZXuU9TWXQrTTrrfyf_,马欣教授,7月前
糖尿病血糖高怎么办才好？#高血糖 #糖尿病 #王世东  ,https://www.douyin.com/video/7006935176508951822,,994,00:37,https://www.douyin.com/user/MS4wLjABAAAAqAXbegB8g_ZuDLDHNGekdVWH_MkpgRBcXFYex4N64ZbLXX19r_6_jPmx3bLP7Kzq,王世东主任,2月前
空腹5.6、6.1、7.0都代表什么意思#糖尿病 #空腹血糖 ,https://www.douyin.com/video/6984653348062465317,合集,2.2w,00:28,https://www.douyin.com/user/MS4wLjABAAAAXfHO1My4IccC9NutDj7_7W5GFjSqWHKlKk5Ju_MgPGI9p3PSQIu0FLtLLR4T8f0S,邹大进医生,4月前
#糖尿病 患者#糖化血红蛋白 12.9，以为是主任吓唬他！#我的门诊故事 ,https://www.douyin.com/video/7004627256425434381,合集,1.2w,00:52,https://www.douyin.com/user/MS4wLjABAAAAjG5iqlHrg-6ttwiYjOUUSoBKG6UlCjoLi4ZY8s0t4XK5V4Z4WxBNmajqFH7KLkQh,内分泌专家李爱国,3月前
不同年龄阶段的糖尿病人血糖达标范围是多少？ #糖尿病   #血糖,https://www.douyin.com/video/6962075841656294693,,2863,00:44,https://www.douyin.com/user/MS4wLjABAAAAVS5OBFKG6xgtEu5IoUHBYNz5zt6yM1qwPa56m1gb2qg,孙苏欣讲糖,6月前
父母都有糖尿病应该如何预防呢？#健康科普 #健康 #医学科普 #预防 ,https://www.douyin.com/video/7039957306049563940,,56,00:54,https://www.douyin.com/user/MS4wLjABAAAAjqKdu7m0zWsmFWeH3OQk2K7G0zcRbjG4KhIV5DUUJP_8kKsRg1tHjA--8HaEhLps,李平医生,19小时前
#糖尿病 有人说鸡蛋吃多了会得糖尿病？来看看李焱主任如何解答 #李焱主任 #医学科普  #糖尿病饮食,https://www.douyin.com/video/6945323699079810312,合集,3.2w,00:51,https://www.douyin.com/user/MS4wLjABAAAAttnuwgJBI0Kp1-EgbmgDICqIz3etuQ3t7yxqmIFcYXLyQfNTZ0hOzIz4k0Yv0zkD,李焱主任,8月前
#糖尿病前期 如何判断！糖尿病前期我们又该如何逆转呢？听#内科李大夫 为你解答疑惑！@抖音小助手 ,https://www.douyin.com/video/7021464742539562247,,677,01:13,https://www.douyin.com/user/MS4wLjABAAAAD8ijiQF8j3-UjJ8Q9-JoathXsmBhQeDC6BI93cExEB-QouOv_s_mrIzI_KESYbEy,内科李大夫,1月前
#李焱主任 血糖控制在多少才算合格呢#血糖 #糖尿病 ,https://www.douyin.com/video/6995830502544493838,合集,1.0w,00:44,https://www.douyin.com/user/MS4wLjABAAAAttnuwgJBI0Kp1-EgbmgDICqIz3etuQ3t7yxqmIFcYXLyQfNTZ0hOzIz4k0Yv0zkD,李焱主任,3月前
抓紧这个时间，你的胰岛还能修复#糖尿病 #糖前期 #逆转糖尿病,https://www.douyin.com/video/6935683633399237919,合集,2628,00:30,https://www.douyin.com/user/MS4wLjABAAAAXfHO1My4IccC9NutDj7_7W5GFjSqWHKlKk5Ju_MgPGI9p3PSQIu0FLtLLR4T8f0S,邹大进医生,9月前
出现这几点当心糖尿bing足! #医学科普  #dou出新知,https://www.douyin.com/video/6955727129510169887,,3458,01:05,https://www.douyin.com/user/MS4wLjABAAAAWJrXqbHo1qCxjrMOhyrZkvjhAXRb5sK_XjfeRj5Yg-H6ZXGVs2_pXsqVr5tj5f8W,内分泌科医生黄佳娜,7月前
#二型糖尿病 出现体型消瘦，控制血糖很关键！#健康 #医学科普 @DOU+小助手,https://www.douyin.com/video/6960959908632186147,,1.1w,00:27,https://www.douyin.com/user/MS4wLjABAAAA4Urwu3MyXnHudTE61rsipScMW3E4zzGrVjNxa6SDX_k,全科医生王勇,6月前
#糖尿病 患者要学会吃饭，杂粮的含糖量并不比白面馒头少很多！#医学科普 #糖尿病科普 @DOU+小助手,https://www.douyin.com/video/6904210865390767360,,4.4w,00:37,https://www.douyin.com/user/MS4wLjABAAAABI0zAr-bk_SNYAzsyj5-Ogss4WnIEHvdibaahx9a1Eo,鲁平大夫,1年前
#糖尿病 人有这些症状，是早期神经病变了，大家要重视血糖控制！#健康 #科普 ,https://www.douyin.com/video/7013273664720325895,合集,2.0w,00:06,https://www.douyin.com/user/MS4wLjABAAAAjG5iqlHrg-6ttwiYjOUUSoBKG6UlCjoLi4ZY8s0t4XK5V4Z4WxBNmajqFH7KLkQh,内分泌专家李爱国,2月前
治疗糖尿病的新方法，真的适合所有病人吗？#减重手术 #医生科普 @DOU+小助手,https://www.douyin.com/video/6859683246461095168,,4862,00:41,https://www.douyin.com/user/MS4wLjABAAAAKPaaexAufLUJg8THbc-nEQLLL6T76BC594xcuNsx4oY,孟化医学在线,1年前
#李焱主任 糖尿病就是糖吃多了导致尿里有糖吗 #糖尿病 #健康科普 #医学科普,https://www.douyin.com/video/6960863086429424933,,7326,00:35,https://www.douyin.com/user/MS4wLjABAAAAttnuwgJBI0Kp1-EgbmgDICqIz3etuQ3t7yxqmIFcYXLyQfNTZ0hOzIz4k0Yv0zkD,李焱主任,7月前
糖尿病患者应该这样运动！持续8周，看到变化 #糖尿病  #糖尿病运动 ,https://www.douyin.com/video/6976869845149207815,,3388,00:44,https://www.douyin.com/user/MS4wLjABAAAAVS5OBFKG6xgtEu5IoUHBYNz5zt6yM1qwPa56m1gb2qg,孙苏欣讲糖,5月前
糖尿病血糖值最高能达到多少？#健康 ,https://www.douyin.com/video/6981612105619246343,,3179,00:39,https://www.douyin.com/user/MS4wLjABAAAA062xLtYILS8e4yU1ZsATqW6KHo9dqQKV8i7bjvPxjSqi1DyT73OLAa3gAmLwUtAr,韩昕健医生,5月前
#糖尿病 糖尿病人到底能不能吃米饭？ #李焱主任 #医学科普  #糖尿病饮食,https://www.douyin.com/video/6944980490973760798,合集,5777,00:56,https://www.douyin.com/user/MS4wLjABAAAAttnuwgJBI0Kp1-EgbmgDICqIz3etuQ3t7yxqmIFcYXLyQfNTZ0hOzIz4k0Yv0zkD,李焱主任,8月前
糖尿病的八大误区 @抖音小助手  #糖尿病  #科普  #健康  #DOU上热门,https://www.douyin.com/video/6870434451164237063,,617,02:18,https://www.douyin.com/user/MS4wLjABAAAA53ik1gf7AgWIYeylzQXNXkd92EATRWy965xrLzcqQDLxQ_OBixEKyLa31Pr2DF12,北京阜外医院心血管孔博,1年前
十四岁患者确诊半年#健康 #糖尿b #中医 ,https://www.douyin.com/video/7039914486261681441,,597,00:34,https://www.douyin.com/user/MS4wLjABAAAAHlcaf1uBZjM0O-Kk-qm5cc_myObLst_VC5raotIdUfiulUIZew2o3R_ElOcbhte5,肾病科安海燕医生,1天前
很多#糖尿病患者喝了都说有效果的降糖茶方~#健康 #医学科普@DOU+小助手,https://www.douyin.com/video/6872554656153816333,合集,9102,00:46,https://www.douyin.com/user/MS4wLjABAAAAMCGSK0P_sVJbG4d8WH8W21z_wHNjOPRivf8fOrVBU5s,一帆说肾,1年前
糖尿病人能吃红薯吗？#这个视频有点料 #健康 #科普,https://www.douyin.com/video/6798872293046111495,,3873,01:05,https://www.douyin.com/user/MS4wLjABAAAAyUYSI-jS6EXKebiIDJb10RITQ7iK_hHGnBy6gJaSxHg,李青大夫,1年前
早餐吃的太晚血糖容易升高几点吃早晨身体才健康#科普健康中国新媒体 @太医管家 ,https://www.douyin.com/video/7004742609990094092,,3.1w,00:30,https://www.douyin.com/user/MS4wLjABAAAA7svG5EB1INLdkgi2zkMb0VJAeysaGXsYkXqlZ4QLNi8,心血管王医生,3月前
糖友突然暴瘦，不一定是好事#糖尿病 #暴瘦 ,https://www.douyin.com/video/6995377254209522983,,3668,00:35,https://www.douyin.com/user/MS4wLjABAAAAXfHO1My4IccC9NutDj7_7W5GFjSqWHKlKk5Ju_MgPGI9p3PSQIu0FLtLLR4T8f0S,邹大进医生,3月前
王主任讲【简易判断糖尿病~降低血糖代茶饮】#大医本草堂 #王鸿谟主任 ,https://www.douyin.com/video/6739157155749956868,,8600,02:34,https://www.douyin.com/user/MS4wLjABAAAA8Ucop5FJjPIIIPA0DHQjMLkxwN7UfYHsK8c-NxxilK8,大医本草堂,2年前
重磅最新消息这类降糖药成为糖尿病/心衰/冠心病/肾病患者的福音,https://www.douyin.com/video/6982473549168545027,,4.8w,01:12,https://www.douyin.com/user/MS4wLjABAAAA7svG5EB1INLdkgi2zkMb0VJAeysaGXsYkXqlZ4QLNi8,心血管王医生,5月前
为什么不建议糖尿病人多喝白粥？#糖尿病 #饮食 #健康 #医学科普,https://www.douyin.com/video/6954303970210745607,,9373,00:42,https://www.douyin.com/user/MS4wLjABAAAADpTiEpkjX_fXgDZudeIOTE1fqPky6GK_mbCF0-8jYTA,聊健康的崔主任,7月前
比高血糖更可怕的是低血糖，你以为只是昏迷那么简单？,https://www.douyin.com/video/6796581813604142350,合集,6594,02:08,https://www.douyin.com/user/MS4wLjABAAAAYGzkiXoanlk-DR1Wcky_7DTuqiCXir2LgZXpOh6uLB4,养生堂,1年前
糖尿病人可以吃西瓜吗？#医学科普 #糖尿病 #这个视频有点料,https://www.douyin.com/video/6983614170033933600,,7532,01:29,https://www.douyin.com/user/MS4wLjABAAAAyUYSI-jS6EXKebiIDJb10RITQ7iK_hHGnBy6gJaSxHg,李青大夫,4月前
糖吃多了会得糖尿病吗？#糖尿病 #健康科普,https://www.douyin.com/video/6869319766947974413,合集,4.7w,00:22,https://www.douyin.com/user/MS4wLjABAAAADpTiEpkjX_fXgDZudeIOTE1fqPky6GK_mbCF0-8jYTA,聊健康的崔主任,1年前
爆发型糖尿病，未必是奶茶饮料造成的。#一型糖尿病 #29岁女生被诊断为爆发型糖尿病 #医学科普 ,https://www.douyin.com/video/6997640160917589281,,3113,01:14,https://www.douyin.com/user/MS4wLjABAAAAoSxHz7HhhQhEQEu3NOycuz6vfG44y0YR2ZBTxx0QT7nStEJgLri2cFFndnmjTb_F,听我说血糖,3月前
如果这个超长视频点赞超20w以后每周我都奉上一个超长视频#妊娠期糖尿病 #糖尿病 #暑期知识大作战 #怀孕,https://www.douyin.com/video/6863758599869467907,合集,6.6w,04:59,https://www.douyin.com/user/MS4wLjABAAAAP4Dc0acfsN2dsVFcHDmqfsoCrDDkmEKK_DWcXj4g2sQ,老吴,1年前
为治糖尿病吃3年的苦荞面，结果如何？#糖尿病 #糖尿病饮食 ,https://www.douyin.com/video/6998809473427066148,,8708,01:19,https://www.douyin.com/user/MS4wLjABAAAAVS5OBFKG6xgtEu5IoUHBYNz5zt6yM1qwPa56m1gb2qg,孙苏欣讲糖,3月前
25岁小姑娘，得知糖尿病难以接受 #糖尿病  #医学科普  #健康  #王世东  #高血糖 ,https://www.douyin.com/video/6979424842353298719,,3294,00:34,https://www.douyin.com/user/MS4wLjABAAAAqAXbegB8g_ZuDLDHNGekdVWH_MkpgRBcXFYex4N64ZbLXX19r_6_jPmx3bLP7Kzq,王世东主任,5月前
2020.11.14#世界糖尿病日 ，约见名医权威专家团健康金句暖心提示#健康真相官,https://www.douyin.com/video/6894782018232601870,,5.5w,00:21,https://www.douyin.com/user/MS4wLjABAAAAg-2yC_pb8oDutvfu-ClglW2QK9nmcDuH2eekpQGOXvo,约见名医,1年前
1型糖尿病#这个视频有点料 #医学科普 #涨知识,https://www.douyin.com/video/6934686274829782276,,1193,01:00,https://www.douyin.com/user/MS4wLjABAAAAyUYSI-jS6EXKebiIDJb10RITQ7iK_hHGnBy6gJaSxHg,李青大夫,9月前
诊断#糖尿病 不分年龄段！#1型糖尿病 多见于青少年，父母也要多注意#医学科普#糖尿病科普,https://www.douyin.com/video/6923145503085464832,,2062,00:35,https://www.douyin.com/user/MS4wLjABAAAABI0zAr-bk_SNYAzsyj5-Ogss4WnIEHvdibaahx9a1Eo,鲁平大夫,10月前
二甲双胍如何降糖#控糖 #糖尿病 @DOU+小助手 @河豚健康,https://www.douyin.com/video/6969481007745568011,合集,1.6w,01:10,https://www.douyin.com/user/MS4wLjABAAAAIh4PYQ_S9jTg-G8nImuO45jgN9OPP13ESSaeADxrNMvHoIdKDc6LF3XA3P0zie72,晓光说药,6月前
糖尿病患者，3个月血糖降为正常是有可能的。#糖尿病 #中医,https://www.douyin.com/video/6922355224543759627,,8238,00:20,https://www.douyin.com/user/MS4wLjABAAAAqAXbegB8g_ZuDLDHNGekdVWH_MkpgRBcXFYex4N64ZbLXX19r_6_jPmx3bLP7Kzq,王世东主任,10月前
血糖多高，才能诊断为糖尿病#医学科普 #高血糖 #健康 #王世东 #糖尿病 ,https://www.douyin.com/video/6984954454906768648,,1287,00:39,https://www.douyin.com/user/MS4wLjABAAAAqAXbegB8g_ZuDLDHNGekdVWH_MkpgRBcXFYex4N64ZbLXX19r_6_jPmx3bLP7Kzq,王世东主任,4月前
#糖尿病 患者一定要注意，这类人不能服用#二甲双胍 #糖尿病科普,https://www.douyin.com/video/6933508314282200354,,4606,00:42,https://www.douyin.com/user/MS4wLjABAAAABI0zAr-bk_SNYAzsyj5-Ogss4WnIEHvdibaahx9a1Eo,鲁平大夫,9月前
你是吃瓜群众吗？ #二甲双胍  #全民健康计划  @河豚健康,https://www.douyin.com/video/6883136101532323076,合集,3.7w,00:51,https://www.douyin.com/user/MS4wLjABAAAAoSxHz7HhhQhEQEu3NOycuz6vfG44y0YR2ZBTxx0QT7nStEJgLri2cFFndnmjTb_F,听我说血糖,1年前
糖尿病患者饮食禁忌 这两类食物一定不要吃 #糖尿病 #dou出新知  #我为医者,https://www.douyin.com/video/6847451428794027279,合集,6963,00:47,https://www.douyin.com/user/MS4wLjABAAAAH6FcliiSDZtgPmkfeopJU2kasMk64g0ct6ztjI84d7I,肾病科王暴魁教授,1年前
早晨起床，身体出现这些症状，要小心了#医学常识 #涨知识 #科普 #医学科普 ,https://www.douyin.com/video/7038776110632537380,,10.2w,00:45,https://www.douyin.com/user/MS4wLjABAAAArpWodT3Pj5GRZkmJREQ9oT3EBk5nbGsIu80t-J854EU,医路向前巍子,2天前
又一位“心大”的#糖尿病 患者，硬是拖到典型症状才来看！ #糖尿病科普 #糖尿病并发症#医学科普,https://www.douyin.com/video/6925733225415380224,,1075,00:53,https://www.douyin.com/user/MS4wLjABAAAABI0zAr-bk_SNYAzsyj5-Ogss4WnIEHvdibaahx9a1Eo,鲁平大夫,10月前
我56岁2型糖尿病能逆转吗#高血糖 #糖尿病 #王世东 ,https://www.douyin.com/video/7026906138692144415,,2324,00:29,https://www.douyin.com/user/MS4wLjABAAAAqAXbegB8g_ZuDLDHNGekdVWH_MkpgRBcXFYex4N64ZbLXX19r_6_jPmx3bLP7Kzq,王世东主任,1月前
什么是症状性低血糖#糖尿病 #低血糖 ,https://www.douyin.com/video/6988160638581361951,合集,1572,00:41,https://www.douyin.com/user/MS4wLjABAAAAXfHO1My4IccC9NutDj7_7W5GFjSqWHKlKk5Ju_MgPGI9p3PSQIu0FLtLLR4T8f0S,邹大进医生,4月前
这几种常用药可能引起血糖升高，不得不注意！#糖尿病 @DOU+小助手,https://www.douyin.com/video/7016612251532545312,,4601,01:07,https://www.douyin.com/user/MS4wLjABAAAAIh4PYQ_S9jTg-G8nImuO45jgN9OPP13ESSaeADxrNMvHoIdKDc6LF3XA3P0zie72,晓光说药,2月前
糖尿病建议吃的三种食物，谁都吃得起！#抖来学习,https://www.douyin.com/video/6930059035433536780,合集,7421,00:48,https://www.douyin.com/user/MS4wLjABAAAAGVVmlvrS5AX1CnKAzUy00AUVj4t1W9aP94l7qI2bUWI,陈晨脑科医生,9月前
血糖高身上会起红疙瘩吗？ #糖尿病  #高血糖,https://www.douyin.com/video/6973956217907498253,,9945,00:49,https://www.douyin.com/user/MS4wLjABAAAAVS5OBFKG6xgtEu5IoUHBYNz5zt6yM1qwPa56m1gb2qg,孙苏欣讲糖,5月前
糖尿病患者尽量少喝稀饭吧#糖尿病 #健康,https://www.douyin.com/video/6931276493356043527,,21.4w,00:20,https://www.douyin.com/user/MS4wLjABAAAA4DfUlyz3X6P2ZroLtHp-qydaJBhEUpqU1UGaD5WncjA,老年病专家刘超,9月前
最好这4点！可预防75%的糖尿病！,https://www.douyin.com/video/6808734663016713480,,6614,00:46,https://www.douyin.com/user/MS4wLjABAAAA7svG5EB1INLdkgi2zkMb0VJAeysaGXsYkXqlZ4QLNi8,心血管王医生,1年前
高血糖如果不控制，糖尿病并发症就是必然的！#糖尿病 #高血糖 #健康,https://www.douyin.com/video/6969091714027916551,,3172,00:30,https://www.douyin.com/user/MS4wLjABAAAAqAXbegB8g_ZuDLDHNGekdVWH_MkpgRBcXFYex4N64ZbLXX19r_6_jPmx3bLP7Kzq,王世东主任,6月前
得了糖尿病主食该怎么吃 #糖尿病  #吃饭  #医学科普  #关爱家人健康  #dou上热门,https://www.douyin.com/video/6938677208483433765,,3413,00:43,https://www.douyin.com/user/MS4wLjABAAAAVA9YHnCtSg7vqP56f68q3kyp0QmRJtjh3WBGAyxn1iM,血管外科蒋主任,8月前
如何判断自己是不是糖尿病前期，通过这两个检查的结果#糖尿病科普 #糖尿病前期,https://www.douyin.com/video/6951669784085875982,,3177,00:31,https://www.douyin.com/user/MS4wLjABAAAAD8ijiQF8j3-UjJ8Q9-JoathXsmBhQeDC6BI93cExEB-QouOv_s_mrIzI_KESYbEy,内科李大夫,7月前
#葛根薏枣茶 针对高血糖的朋友可以尝试，葛根薏枣茶快乐过大年！@抖音小助手,https://www.douyin.com/video/6780225837808618765,,7395,01:28,https://www.douyin.com/user/MS4wLjABAAAA8Ucop5FJjPIIIPA0DHQjMLkxwN7UfYHsK8c-NxxilK8,大医本草堂,1年前
二型糖尿病患者，选择适合自己的方式，也有希望恢复正常。#糖尿病 #中医,https://www.douyin.com/video/6921610018953497869,,2501,00:45,https://www.douyin.com/user/MS4wLjABAAAAqAXbegB8g_ZuDLDHNGekdVWH_MkpgRBcXFYex4N64ZbLXX19r_6_jPmx3bLP7Kzq,王世东主任,10月前
#糖尿病人饮食，糖尿病的饮食，要注意这六个“一点”，#糖尿病科普,https://www.douyin.com/video/6881560991084137736,合集,4821,00:57,https://www.douyin.com/user/MS4wLjABAAAAD8ijiQF8j3-UjJ8Q9-JoathXsmBhQeDC6BI93cExEB-QouOv_s_mrIzI_KESYbEy,内科李大夫,1年前
大番茄和圣女果的对比，哪种更适合糖尿病患者？ #圣女果  #西红柿  #水果西红柿,https://www.douyin.com/video/6971293154158972196,合集,8.2w,00:33,https://www.douyin.com/user/MS4wLjABAAAAoSxHz7HhhQhEQEu3NOycuz6vfG44y0YR2ZBTxx0QT7nStEJgLri2cFFndnmjTb_F,听我说血糖,6月前
遗传是#糖尿病 的高危因素！快来测一测，你的风险高吗#十万个怎么做,https://www.douyin.com/video/6911619044449864973,,9477,00:41,https://www.douyin.com/user/MS4wLjABAAAAg-2yC_pb8oDutvfu-ClglW2QK9nmcDuH2eekpQGOXvo,约见名医,11月前
有#糖尿病 家族史的，家长要多注意孩子的#血糖监测 ，特别是比较胖的孩子！#糖尿病科普 @DOU+小助手,https://www.douyin.com/video/6919401968691629312,,2330,00:43,https://www.douyin.com/user/MS4wLjABAAAABI0zAr-bk_SNYAzsyj5-Ogss4WnIEHvdibaahx9a1Eo,鲁平大夫,10月前
这个案例有点长，但看完一定会对血糖高的人有所警示#糖尿病 ,https://www.douyin.com/video/7001284304823176456,,2664,00:47,https://www.douyin.com/user/MS4wLjABAAAAHlcaf1uBZjM0O-Kk-qm5cc_myObLst_VC5raotIdUfiulUIZew2o3R_ElOcbhte5,肾病科安海燕医生,3月前
糖尿病人能喝粥吗？#这个视频有点料 #科普 #糖尿病,https://www.douyin.com/video/6814298815823154444,,1346,00:49,https://www.douyin.com/user/MS4wLjABAAAAyUYSI-jS6EXKebiIDJb10RITQ7iK_hHGnBy6gJaSxHg,李青大夫,1年前
今天是世界糖尿病日：6点干货大家记住了！#联合国糖尿病日 #知识创作人,https://www.douyin.com/video/6894812902071536911,,1.4w,00:48,https://www.douyin.com/user/MS4wLjABAAAA4vZ4ChzzbZW2-bI733aY7uqCMqh5aRnpbEvyuXUAHbg,周大亮医生,1年前
空腹4也被诊断为糖尿病？确诊要看哪些标准呢？#健康 #科普 #糖尿病 ,https://www.douyin.com/video/6982843007879974179,,1134,00:39,https://www.douyin.com/user/MS4wLjABAAAA4Urwu3MyXnHudTE61rsipScMW3E4zzGrVjNxa6SDX_k,全科医生王勇,5月前
8种习惯，吃出糖尿病 #糖尿病 #糖尿病科普 #健康 @DOU+小助手,https://www.douyin.com/video/6878554109314616589,合集,1.9w,00:24,https://www.douyin.com/user/MS4wLjABAAAAXfHO1My4IccC9NutDj7_7W5GFjSqWHKlKk5Ju_MgPGI9p3PSQIu0FLtLLR4T8f0S,邹大进医生,1年前
降糖药服用时间大全#糖尿病 @河豚健康 @抖音小助手,https://www.douyin.com/video/6942398403330592008,合集,1.6w,01:18,https://www.douyin.com/user/MS4wLjABAAAAIh4PYQ_S9jTg-G8nImuO45jgN9OPP13ESSaeADxrNMvHoIdKDc6LF3XA3P0zie72,晓光说药,8月前
血糖正常值修订新标准，是真的吗#医学科普 #健康科普 #糖尿病 @DOU+小助手,https://www.douyin.com/video/6997702423577906435,,4544,00:45,https://www.douyin.com/user/MS4wLjABAAAAyUYSI-jS6EXKebiIDJb10RITQ7iK_hHGnBy6gJaSxHg,李青大夫,3月前
其实得#糖尿病 并不可怕，怕的是#并发症 的多和重，预防很重要！#糖尿病科普 @DOU+小助手,https://www.douyin.com/video/6922748596030852352,,1161,00:44,https://www.douyin.com/user/MS4wLjABAAAABI0zAr-bk_SNYAzsyj5-Ogss4WnIEHvdibaahx9a1Eo,鲁平大夫,10月前
糖尿病的这些危害常常被忽略#这个视频有点料 #健康 #科普 @南方健康 @抖音小助手,https://www.douyin.com/video/6807751189506133260,,3116,00:58,https://www.douyin.com/user/MS4wLjABAAAAyUYSI-jS6EXKebiIDJb10RITQ7iK_hHGnBy6gJaSxHg,李青大夫,1年前
血糖多高才可以认定为糖尿病？血糖标准是什么。#健康 #医学科普  #糖尿病  #王世东  #高血糖 ,https://www.douyin.com/video/6980171885036195108,,3113,00:28,https://www.douyin.com/user/MS4wLjABAAAAqAXbegB8g_ZuDLDHNGekdVWH_MkpgRBcXFYex4N64ZbLXX19r_6_jPmx3bLP7Kzq,王世东主任,5月前
糖尿病人为什么不能喝粥？吃什么好？#这个视频有点料 #南方健康 #科普 @抖音小助手 @南方健康,https://www.douyin.com/video/6840820195565505796,,3154,00:52,https://www.douyin.com/user/MS4wLjABAAAAyUYSI-jS6EXKebiIDJb10RITQ7iK_hHGnBy6gJaSxHg,李青大夫,1年前
#新知挑战赛 空腹血糖6.8已经半年了怎么办？,https://www.douyin.com/video/6950979082381233441,,3011,00:36,https://www.douyin.com/user/MS4wLjABAAAAyUYSI-jS6EXKebiIDJb10RITQ7iK_hHGnBy6gJaSxHg,李青大夫,7月前
治疗气瘀血虚型糖尿病：黄花桂枝五物汤#医学科普 #健康养生 #糖尿病 #涨知识 #养生 #中药,https://www.douyin.com/video/6917241373070462208,,7677,03:29,https://www.douyin.com/user/MS4wLjABAAAA6A1BZxtehIHIJXmQ2Sd96jdukLuBcI7UrLO_U3aJfTD9KzpO3BHQhaVl1S6ch5aU,TJTV百医百顺,10月前
案例分析：糖耐量异常,https://www.douyin.com/video/7009841972210978080,,5509,03:27,https://www.douyin.com/user/MS4wLjABAAAA-9RDtCKbgT40O0R-oBSbhHvdCKTKcYXNXcr-cYh_4kmwZUZXuU9TWXQrTTrrfyf_,马欣教授,2月前
案例分析糖尿病的生活方式医学逆转,https://www.douyin.com/video/6939694097825418528,,2576,01:12,https://www.douyin.com/user/MS4wLjABAAAA-9RDtCKbgT40O0R-oBSbhHvdCKTKcYXNXcr-cYh_4kmwZUZXuU9TWXQrTTrrfyf_,马欣教授,8月前
糖尿病人哪些不能吃#控糖 #糖尿病科普 #糖尿病饮食,https://www.douyin.com/video/6936107382472854791,,3293,00:26,https://www.douyin.com/user/MS4wLjABAAAAI-fjD_svt0whoX9ZZ5A3feLrJjnc8iHznPI-T0gT27hPUFFIs4hBHs3dwfbZ53Pi,陆志强讲内分泌,9月前
糖尿病的三大常见误区 #糖尿病 #人民好医生,https://www.douyin.com/video/6911500043014999309,,758,00:59,https://www.douyin.com/user/MS4wLjABAAAAI-P8S1G3TMiNAdIDgNn56VecCVt1HTykZBzt2qg5Yi8,人民好医生,11月前
适合糖尿病人吃的水果#这个视频有点料 #科普 #糖尿病 @南方健康 @抖音小助手,https://www.douyin.com/video/6817420521907506444,,9233,00:58,https://www.douyin.com/user/MS4wLjABAAAAyUYSI-jS6EXKebiIDJb10RITQ7iK_hHGnBy6gJaSxHg,李青大夫,1年前
#糖尿病 患者切记！餐后血糖值减去空腹，值越大，并发症几率也会增加 #医学科普 #糖尿病科普 @DOU+小助手,https://www.douyin.com/video/6903451371450780943,,6952,00:35,https://www.douyin.com/user/MS4wLjABAAAABI0zAr-bk_SNYAzsyj5-Ogss4WnIEHvdibaahx9a1Eo,鲁平大夫,1年前
高胰岛素血症，身体损害特别大。#糖尿病 @抖音小助手 ,https://www.douyin.com/video/7011426032972516611,,1408,00:41,https://www.douyin.com/user/MS4wLjABAAAAKPaaexAufLUJg8THbc-nEQLLL6T76BC594xcuNsx4oY,孟化医学在线,2月前
我的糖尿病不吃药行不？#这个视频有点料 #健康 #科普 @南方健康 @抖音小助手,https://www.douyin.com/video/6813653228056612107,,3263,00:57,https://www.douyin.com/user/MS4wLjABAAAAyUYSI-jS6EXKebiIDJb10RITQ7iK_hHGnBy6gJaSxHg,李青大夫,1年前
#创作灵感 糖尿病几年，又发现尿蛋白2+#这个视频有点料 #医学知识科普,https://www.douyin.com/video/6970449912139975969,,4796,00:58,https://www.douyin.com/user/MS4wLjABAAAAyUYSI-jS6EXKebiIDJb10RITQ7iK_hHGnBy6gJaSxHg,李青大夫,6月前
14年前发现糖尿病，如今已经透析一年了，糖尿病不可怕，更可怕的是糖尿病综合征，先来做减重降糖，再去换肾#糖尿病,https://www.douyin.com/video/6996952856615980320,,2554,00:43,https://www.douyin.com/user/MS4wLjABAAAAKPaaexAufLUJg8THbc-nEQLLL6T76BC594xcuNsx4oY,孟化医学在线,3月前
糖尿病人做到三点，可避免并发症#这个视频有点料 #健康 #科普,https://www.douyin.com/video/6825847902645128451,,2906,01:17,https://www.douyin.com/user/MS4wLjABAAAAyUYSI-jS6EXKebiIDJb10RITQ7iK_hHGnBy6gJaSxHg,李青大夫,1年前
#中医 告诉你 #糖尿病 #患者 这样吃更#健康 #科普 #涨知识 @抖音小助手,https://www.douyin.com/video/6850015393487129869,,3364,01:32,https://www.douyin.com/user/MS4wLjABAAAAIsQJ3wQqxrP69-zM6uG9bSEJgSeTHRZZzKnJATWTNqaRkSHvvNexaROClYBykTQ3,湘雅肖岚,1年前
有糖尿病家族史的人怎样预防糖尿病？#疾病预防 #健康 #知识,https://www.douyin.com/video/6815789508089433357,合集,1810,01:19,https://www.douyin.com/user/MS4wLjABAAAADjQzxPppb0Qvn3zCvvpxOdvGkvo2kqLDiDWyN3aFhaPQ5RDX9h1Np0IeY3u7ITf7,齐海梅医生,1年前
父母年纪大了，定期体检是非常有必要的！#防控疫情,https://www.douyin.com/video/6793911552471862528,合集,19.7w,00:50,https://www.douyin.com/user/MS4wLjABAAAAM4qkF0vWdIuX7tu6l0lUsCYaeLwdSAy6jOion60UslA,兵团新视角,1年前
#糖尿病 为数不多的急诊！以前都是躺着来#医院 的。,https://www.douyin.com/video/6937958277569400104,,3906,00:43,https://www.douyin.com/user/MS4wLjABAAAABI0zAr-bk_SNYAzsyj5-Ogss4WnIEHvdibaahx9a1Eo,鲁平大夫,9月前
血糖高但是没症状，是糖尿病吗？ #糖尿病 #糖尿病科普 #健康真相官,https://www.douyin.com/video/6926821911448096014,合集,3369,00:34,https://www.douyin.com/user/MS4wLjABAAAAXfHO1My4IccC9NutDj7_7W5GFjSqWHKlKk5Ju_MgPGI9p3PSQIu0FLtLLR4T8f0S,邹大进医生,9月前
糖尿病人为什么要用这两类药？#这个视频有点料 #健康 #科普 @南方健康,https://www.douyin.com/video/6806596535971777805,,7446,01:02,https://www.douyin.com/user/MS4wLjABAAAAyUYSI-jS6EXKebiIDJb10RITQ7iK_hHGnBy6gJaSxHg,李青大夫,1年前
预防糖尿病，从饮食开始入手改变吧#糖尿病 #预防 #健康,https://www.douyin.com/video/6874544690193059084,,1.9w,00:19,https://www.douyin.com/user/MS4wLjABAAAAnvdTSZaBKyYd6JAFxc7m0FrBsxGUZoUMCHTCqtIOjJZHPCU-URJDE1ypr6bZfDKF,神经外科杨波教授,1年前
糖尿病人血糖正常还yao要吃药吗？   #糖尿病  #糖尿病科普  #上海创作者联盟计划,https://www.douyin.com/video/6895662474087992584,合集,1458,00:46,https://www.douyin.com/user/MS4wLjABAAAAXfHO1My4IccC9NutDj7_7W5GFjSqWHKlKk5Ju_MgPGI9p3PSQIu0FLtLLR4T8f0S,邹大进医生,1年前
糖尿病人的降糖饮食指南#健康真相官  #医者名片,https://www.douyin.com/video/6898250360377380109,,4367,00:37,https://www.douyin.com/user/MS4wLjABAAAAHemdUIkbC0eKJ_1HbconXCy_RILAxE6TG0ZiglfP3cYPe2fM2Abf5yCXf87GTgWT,中医马小丽,1年前
空腹血糖7.1、服糖后两小时10.5、糖化血红蛋白5.6%，是糖尿病吗?#糖尿病 ,https://www.douyin.com/video/7019468975667006757,,2064,02:40,https://www.douyin.com/user/MS4wLjABAAAAJOzdDV4Jox4eX7HgE7WmRO6ZH0wuWY4rLsc0L4tiNh-2USqgM6xsye3Jg8mS8txq,李梅医生说糖尿病,1月前
30岁小伙不重视血糖高，现在后悔莫及#糖尿病 ,https://www.douyin.com/video/7000909789811232031,,1682,00:33,https://www.douyin.com/user/MS4wLjABAAAAHlcaf1uBZjM0O-Kk-qm5cc_myObLst_VC5raotIdUfiulUIZew2o3R_ElOcbhte5,肾病科安海燕医生,3月前
血糖超过多少就对身体有害?#健康 #血糖 #涨知识 ,https://www.douyin.com/video/7020297436417494309,,4488,00:43,https://www.douyin.com/user/MS4wLjABAAAA062xLtYILS8e4yU1ZsATqW6KHo9dqQKV8i7bjvPxjSqi1DyT73OLAa3gAmLwUtAr,韩昕健医生,1月前
43岁糖尿病肾病眼底出血，有人还在重复他的悲剧#医学科普 #科普 #糖尿病 @DOU+小助手,https://www.douyin.com/video/6997038841638964491,,8435,01:36,https://www.douyin.com/user/MS4wLjABAAAAyUYSI-jS6EXKebiIDJb10RITQ7iK_hHGnBy6gJaSxHg,李青大夫,3月前
在家做血糖检测，这几个细节一定要注意！#科普知识 #血糖检测 #糖尿病 #健康 ,https://www.douyin.com/video/7009479717799742732,合集,3007,06:00,https://www.douyin.com/user/MS4wLjABAAAADjQzxPppb0Qvn3zCvvpxOdvGkvo2kqLDiDWyN3aFhaPQ5RDX9h1Np0IeY3u7ITf7,齐海梅医生,2月前
糖尿病的“三多一少”#医学科普 #健康 #饮食 #糖尿病,https://www.douyin.com/video/6968404782050528542,,62,01:10,https://www.douyin.com/user/MS4wLjABAAAAI-P8S1G3TMiNAdIDgNn56VecCVt1HTykZBzt2qg5Yi8,人民好医生,6月前
糖尿病人到了最后，最想吃的是后悔药！#糖尿病早预防早治疗,https://www.douyin.com/video/6827378031586315523,合集,5857,01:16,https://www.douyin.com/user/MS4wLjABAAAAD8ijiQF8j3-UjJ8Q9-JoathXsmBhQeDC6BI93cExEB-QouOv_s_mrIzI_KESYbEy,内科李大夫,1年前
#糖尿病肾病 要严格控制肌酐 ，尿蛋白不是不管，但要分主次#肾病医生 #弘扬中医文化 ,https://www.douyin.com/video/6983974887345949959,,7461,00:52,https://www.douyin.com/user/MS4wLjABAAAAU8LL8S79TDbDV-nsToNV79C8HDftEE9sbmxS1qgQRSCFOEB5IxhuzNRJYfMKs97K,中医肾内科高菁主任,4月前
提醒大家#糖尿病患者请在医生的指导下用药，不是糖尿病的患者切勿使用！#二甲双胍#健康科普 #四川 ,https://www.douyin.com/video/7020596586426273061,,7883,01:01,https://www.douyin.com/user/MS4wLjABAAAABaZejiHXFI9ZGM_thNkOmh9EsWiOm0SFwbGRAftJ8I_Bam_H8GGs4EJzgxCWwgZc,中医钟博士,1月前
这款国产药物，真的能治愈糖尿病么？#健康 #糖尿病 #我为医者 #降糖,https://www.douyin.com/video/6840280899838381326,,9538,01:33,https://www.douyin.com/user/MS4wLjABAAAANGOBt6WNOVZgfjMx6VXX6LHov-kGt_BxGxGVGIOdAqc,DrX,1年前
餐后血糖13+可以诊断为糖尿病吗#医学科普 #健康 #高血糖 #王世东 #糖尿病 ,https://www.douyin.com/video/6989536697545477383,,2303,00:38,https://www.douyin.com/user/MS4wLjABAAAAqAXbegB8g_ZuDLDHNGekdVWH_MkpgRBcXFYex4N64ZbLXX19r_6_jPmx3bLP7Kzq,王世东主任,4月前
他的糖尿病是怎么形成的？#这个视频有点料#科普 #糖尿病,https://www.douyin.com/video/6871223570941414667,,3778,00:49,https://www.douyin.com/user/MS4wLjABAAAAyUYSI-jS6EXKebiIDJb10RITQ7iK_hHGnBy6gJaSxHg,李青大夫,1年前
#二型糖尿病 #健康饮食，多多#运动可以得到有效控制#中医 @大医健康,https://www.douyin.com/video/6869967663800519950,,1287,00:52,https://www.douyin.com/user/MS4wLjABAAAA9NYXM936AFVzqaFJcixJtm9YSXbs5Hkg8C9j9URTiF0,中医内科张雪亮,1年前
糖尿并可以备治yu吗？#肥胖 #糖尿病 #减重代谢手术 #科普 @抖音小助手 @南方健康,https://www.douyin.com/video/6925766088353500419,,1.7w,00:43,https://www.douyin.com/user/MS4wLjABAAAA2uebU1ZNTDQCJQKB-4_kVNsoYU1HQ_FpRM6totQj6Og,减重代谢手术喜哥,10月前
千里之堤毁于蚁穴，控制好血糖太重要了#肾 #医学科普,https://www.douyin.com/video/6969130380561517854,,3.3w,00:33,https://www.douyin.com/user/MS4wLjABAAAAeryy_aXTZ68U3uADbeZHM9-D0l0piSPeQ3mYiI4bIP3Xop1t7TjkjPog8nfBvxBJ,肾科小林医生,6月前
糖尿病不治会怎么样？#中医 #糖尿病,https://www.douyin.com/video/6925954480961834253,,1365,00:28,https://www.douyin.com/user/MS4wLjABAAAAqAXbegB8g_ZuDLDHNGekdVWH_MkpgRBcXFYex4N64ZbLXX19r_6_jPmx3bLP7Kzq,王世东主任,10月前
#糖尿病 常见误区，孙医生希望各位糖友不要再给误导了！糖友必看！#抖音小助手 #科普,https://www.douyin.com/video/6832200269166578959,合集,3.7w,00:39,https://www.douyin.com/user/MS4wLjABAAAAB_AOSNvr-Kqv1CI5voPzjorpLGHScaNO4eVECLDootc,内分泌科孙医生,1年前
又一个“不听话”的#糖尿病 患者！日常要注意#饮食 ，而且还要遵医嘱吃#糖尿病并发症 #糖尿病科普,https://www.douyin.com/video/6919779758221921551,,1.3w,00:47,https://www.douyin.com/user/MS4wLjABAAAABI0zAr-bk_SNYAzsyj5-Ogss4WnIEHvdibaahx9a1Eo,鲁平大夫,10月前
糖尿病人再这样吃，命就没了#清风计划 #这个视频有点料 #糖尿病 @南方健康,https://www.douyin.com/video/6766215699074452749,,7438,01:24,https://www.douyin.com/user/MS4wLjABAAAAyUYSI-jS6EXKebiIDJb10RITQ7iK_hHGnBy6gJaSxHg,李青大夫,2年前
血糖到底应该怎么查#糖尿病 #血糖,https://www.douyin.com/video/6892333582581239053,合集,7684,00:45,https://www.douyin.com/user/MS4wLjABAAAADpTiEpkjX_fXgDZudeIOTE1fqPky6GK_mbCF0-8jYTA,聊健康的崔主任,1年前
警惕#糖尿病 并发症，不仅是降低生活质量，这几个还很要命！#健康真相官 #十万个怎么做,https://www.douyin.com/video/6895684568305683726,,2371,00:43,https://www.douyin.com/user/MS4wLjABAAAAg-2yC_pb8oDutvfu-ClglW2QK9nmcDuH2eekpQGOXvo,约见名医,1年前
避坑指南！吃水果，#糖尿病 认准这两点就够了！#健康真相官 #十万个怎么做,https://www.douyin.com/video/6898252222803496205,,5470,00:42,https://www.douyin.com/user/MS4wLjABAAAAg-2yC_pb8oDutvfu-ClglW2QK9nmcDuH2eekpQGOXvo,约见名医,1年前
早发现早治疗避免并发症的发生#健康 #中医 #糖尿b ,https://www.douyin.com/video/7039641547528260871,,421,00:10,https://www.douyin.com/user/MS4wLjABAAAAHlcaf1uBZjM0O-Kk-qm5cc_myObLst_VC5raotIdUfiulUIZew2o3R_ElOcbhte5,肾病科安海燕医生,1天前
糖尿病人的血压标准和普通人不一样！用药也有讲究你用对了吗？#科普健康中国新媒体 @太医管家,https://www.douyin.com/video/6966149192750255371,,9557,00:55,https://www.douyin.com/user/MS4wLjABAAAA7svG5EB1INLdkgi2zkMb0VJAeysaGXsYkXqlZ4QLNi8,心血管王医生,6月前
不要只控制血糖也要注意这几项的检查预防并发症#健康 #中医 #糖尿b ,https://www.douyin.com/video/7039873859721399555,,504,00:51,https://www.douyin.com/user/MS4wLjABAAAAHlcaf1uBZjM0O-Kk-qm5cc_myObLst_VC5raotIdUfiulUIZew2o3R_ElOcbhte5,肾病科安海燕医生,18小时前
糖尿病人能吃鸡蛋吗#糖尿病 #糖尿病科普 #糖尿病饮食,https://www.douyin.com/video/6881551400933870848,合集,4509,00:39,https://www.douyin.com/user/MS4wLjABAAAAXfHO1My4IccC9NutDj7_7W5GFjSqWHKlKk5Ju_MgPGI9p3PSQIu0FLtLLR4T8f0S,邹大进医生,1年前
四个症状判断 @震洋健康  @中医谭医生 #医学科普 #健康,https://www.douyin.com/video/6937215662536330526,,1208,00:36,https://www.douyin.com/user/MS4wLjABAAAAxNEE0q0MNOe0KWOEX6ihm4yuiGys7d0PortGMo-aE4c3AyMVacCPhD01Xy1-7shH,谭熠博士,9月前
切莫相信根治保证！做到这三点，可降低#糖尿病 患病几率！#中医养生 @抖音小助手,https://www.douyin.com/video/6878124497753394439,,2568,01:08,https://www.douyin.com/user/MS4wLjABAAAAcprnu9CsxgUBkVf75soDXqhHoU60hOEV47ublqPr1RQ,大国医,1年前
糖尿病周围神经痛应该如何避免和缓解...#糖尿病 #疼痛 #周围神经损伤 #医学科普 @抖音小助手 ,https://www.douyin.com/video/7019172428043635972,,199,01:24,https://www.douyin.com/user/MS4wLjABAAAA2Wqi3gNvl8O9OSnBCMBp_2gyeXAMQlzPrBaLCEhVHKc,疼痛科岳剑宁医生,1月前
一般空腹血糖多少才正常？别被误导了#糖尿病 #健康 #科普 ,https://www.douyin.com/video/6990646838412037406,,2628,00:51,https://www.douyin.com/user/MS4wLjABAAAA4Urwu3MyXnHudTE61rsipScMW3E4zzGrVjNxa6SDX_k,全科医生王勇,4月前
王老告诉你高血糖的危害不得忽视，逯老传授妙方【葛根薏枣茶】！#大医本草堂,https://www.douyin.com/video/6780224874490252548,,8143,02:13,https://www.douyin.com/user/MS4wLjABAAAA8Ucop5FJjPIIIPA0DHQjMLkxwN7UfYHsK8c-NxxilK8,大医本草堂,1年前
有低血糖的人为什么也会是糖尿病@抖音小助手 #高血糖 #糖尿病 ,https://www.douyin.com/video/7013588179873778958,,383,01:18,https://www.douyin.com/user/MS4wLjABAAAAXuNPn9gRnrwUDvMPQMBtBdj1UxwyEakrtD-W5bl9RTqXcnMJGFFtlqCYEj1bSTwe,火箭军特色医学中心,2月前
糖尿病出现肾病应注意什么？#这个视频有点料 #南方健康 #科普,https://www.douyin.com/video/6838578281269234957,,3565,01:09,https://www.douyin.com/user/MS4wLjABAAAAyUYSI-jS6EXKebiIDJb10RITQ7iK_hHGnBy6gJaSxHg,李青大夫,1年前
胃转流手术降血糖的原理是什么？#糖尿病科普,https://www.douyin.com/video/6934604525726633220,,3882,01:20,https://www.douyin.com/user/MS4wLjABAAAAKPaaexAufLUJg8THbc-nEQLLL6T76BC594xcuNsx4oY,孟化医学在线,9月前